institution,procurement_category,procurement_method,amount,number_of_quotes,tender_days,gppa_approval,supplier_registered,monthly_report_submitted,variation_percentage,technical_proposal,financial_proposal,tor_attached,site_visit_done,performance_security,technical_director_assigned,essential_equipment_available
Ministry of Energy,services,open_tender,2456330,5,43,yes,yes,yes,2,yes,no,yes,no,no,yes,no
Ministry of Health,goods,rfq,1520485,1,53,yes,yes,yes,12,yes,yes,no,yes,no,yes,no
Ministry of Energy,goods,rfq,523254,1,18,no,yes,yes,5,yes,yes,yes,yes,no,yes,no
Ministry of Finance,goods,open_tender,1863045,6,33,no,yes,no,10,yes,no,yes,yes,yes,yes,yes
Ministry of Finance,services,single_source,1422905,4,49,yes,no,yes,12,no,yes,yes,no,no,no,no
Ministry of Transport,complex_works,restricted_tender,4853339,4,38,yes,yes,yes,5,yes,yes,yes,yes,no,no,no
Ministry of Energy,services,rfq,2812422,7,19,yes,yes,yes,10,yes,yes,no,yes,no,no,yes
Ministry of Energy,goods,restricted_tender,429989,2,49,yes,yes,yes,1,yes,no,yes,yes,yes,no,yes
Ministry of Justice,complex_works,rfq,6822184,6,12,yes,yes,yes,1,yes,yes,yes,no,yes,yes,yes
Ministry of Energy,services,rfq,516880,1,53,no,yes,yes,2,no,no,yes,yes,no,no,yes
Ministry of Interior,goods,restricted_tender,861774,5,56,no,yes,no,6,yes,yes,no,no,yes,yes,no
Ministry of Education,goods,restricted_tender,264835,7,22,no,yes,yes,1,yes,no,yes,yes,no,no,yes
Ministry of Health,goods,open_tender,1094107,3,59,yes,yes,yes,10,no,no,no,yes,yes,no,no
Ministry of Education,goods,open_tender,874792,5,22,yes,yes,yes,5,yes,no,yes,yes,no,no,no
Ministry of Health,goods,rfq,306687,3,26,yes,yes,no,2,no,no,no,no,no,yes,yes
Ministry of Education,services,rfq,2827423,4,34,no,no,yes,0,no,yes,no,no,no,yes,yes
Ministry of Energy,goods,rfq,1839250,1,46,no,yes,yes,0,no,no,yes,no,no,no,no
Ministry of Agriculture,goods,rfq,629036,2,39,yes,yes,yes,0,no,yes,yes,yes,yes,no,yes
Ministry of Finance,goods,open_tender,716326,3,29,yes,no,no,8,yes,yes,yes,no,yes,no,yes
Ministry of Transport,services,rfq,1071525,4,34,yes,yes,yes,12,yes,yes,no,yes,yes,yes,yes
Ministry of Transport,goods,open_tender,444366,5,5,yes,yes,yes,4,no,no,yes,no,no,no,no
Ministry of Energy,goods,rfq,562153,5,26,yes,yes,yes,0,no,no,yes,yes,yes,yes,yes
Ministry of Transport,goods,restricted_tender,597337,4,38,yes,yes,no,4,yes,no,no,no,no,no,no
Ministry of Works,services,open_tender,2138449,1,37,no,no,yes,8,no,yes,yes,yes,yes,yes,no
Ministry of Energy,goods,rfq,599639,2,30,yes,yes,yes,5,yes,no,yes,yes,no,no,yes
Ministry of Interior,complex_works,open_tender,6063778,2,53,no,yes,no,8,yes,no,no,yes,no,no,no
Ministry of Agriculture,goods,rfq,1662818,4,45,no,yes,no,5,yes,yes,yes,yes,no,no,yes
Ministry of Transport,services,rfq,2486488,5,46,no,no,yes,6,yes,no,no,no,no,no,no
Ministry of Interior,goods,restricted_tender,405249,2,9,yes,yes,yes,8,no,yes,no,no,yes,no,yes
Ministry of Agriculture,services,rfq,548345,6,7,yes,yes,yes,6,no,no,no,no,yes,yes,yes
Ministry of Justice,complex_works,open_tender,5035493,2,48,no,yes,yes,0,no,no,yes,no,yes,yes,yes
Ministry of Health,services,rfq,1517077,7,15,yes,no,no,3,no,yes,yes,yes,yes,no,yes
Ministry of Justice,goods,open_tender,547562,1,13,yes,no,yes,0,no,no,no,no,no,yes,no
Ministry of Finance,services,rfq,625303,1,22,no,yes,yes,2,no,no,no,yes,yes,yes,yes
Ministry of Agriculture,services,single_source,815460,6,7,yes,yes,no,8,yes,yes,yes,no,no,yes,no
Ministry of Finance,goods,rfq,1236887,2,38,yes,no,yes,8,no,yes,no,no,yes,yes,no
Ministry of Finance,complex_works,rfq,4467366,4,38,yes,yes,yes,3,no,yes,yes,no,yes,no,no
Ministry of Transport,services,restricted_tender,1656617,2,21,yes,yes,no,3,yes,no,yes,yes,yes,yes,yes
Ministry of Agriculture,services,rfq,1731107,1,7,no,yes,no,5,yes,no,yes,yes,yes,no,no
Ministry of Fisheries,complex_works,open_tender,9480473,1,30,no,yes,yes,8,no,yes,yes,no,no,yes,yes
Ministry of Interior,services,open_tender,489593,6,28,no,yes,yes,0,no,no,no,yes,no,yes,yes
Ministry of Justice,services,rfq,2862779,1,21,yes,yes,yes,10,yes,no,no,yes,yes,no,no
Ministry of Interior,services,rfq,123275,1,41,yes,yes,yes,2,no,no,yes,yes,yes,yes,yes
Ministry of Interior,complex_works,open_tender,4668866,5,40,no,no,yes,10,yes,no,yes,no,no,no,no
Ministry of Fisheries,goods,rfq,1982587,2,58,no,yes,yes,4,no,no,yes,no,no,yes,no
Ministry of Agriculture,goods,open_tender,639833,2,48,yes,yes,yes,0,yes,yes,yes,no,no,yes,no
Ministry of Finance,goods,single_source,1762503,2,16,yes,no,yes,0,no,no,no,no,no,yes,yes
Ministry of Fisheries,complex_works,open_tender,8817304,7,44,yes,yes,yes,6,yes,yes,no,yes,no,no,no
Ministry of Education,goods,open_tender,1322386,2,56,no,yes,yes,10,no,yes,yes,yes,no,yes,no
Ministry of Fisheries,services,rfq,1323520,5,35,yes,yes,yes,4,yes,yes,yes,no,yes,no,no
Ministry of Fisheries,goods,rfq,645603,2,44,yes,yes,yes,10,yes,yes,yes,no,yes,no,no
Ministry of Works,complex_works,restricted_tender,5390020,7,46,no,yes,yes,0,yes,no,no,yes,yes,yes,yes
Ministry of Energy,complex_works,open_tender,4578226,5,51,yes,yes,no,0,yes,yes,yes,no,yes,yes,no
Ministry of Health,services,open_tender,2763354,3,58,yes,yes,yes,10,yes,yes,no,yes,no,yes,no
Ministry of Health,services,rfq,1304565,5,44,yes,yes,yes,6,yes,no,yes,yes,yes,yes,no
Ministry of Finance,goods,open_tender,874690,2,58,yes,yes,yes,0,yes,no,no,yes,yes,no,yes
Ministry of Energy,complex_works,restricted_tender,5846769,1,59,yes,yes,yes,4,yes,yes,no,no,no,no,no
Ministry of Interior,complex_works,rfq,8352207,5,58,yes,yes,no,0,yes,yes,yes,yes,no,yes,no
Ministry of Transport,goods,restricted_tender,677433,3,27,yes,no,yes,6,yes,no,yes,no,no,yes,no
Ministry of Energy,services,open_tender,1855856,1,18,no,yes,yes,1,no,yes,yes,no,no,no,no
Ministry of Transport,complex_works,rfq,9577064,1,41,yes,no,yes,0,yes,no,no,no,no,no,yes
Ministry of Health,goods,open_tender,1450283,6,6,yes,yes,yes,5,yes,yes,yes,yes,no,yes,no
Ministry of Finance,goods,rfq,1365573,1,40,yes,yes,no,8,no,yes,no,yes,yes,yes,yes
Ministry of Interior,goods,rfq,1374070,2,41,yes,no,yes,0,yes,no,no,no,no,no,yes
Ministry of Interior,services,restricted_tender,1291902,7,41,yes,no,yes,3,yes,no,no,yes,no,no,yes
Ministry of Transport,services,rfq,1624102,5,11,yes,no,no,10,yes,no,no,yes,no,yes,no
Ministry of Education,services,rfq,2647500,5,47,yes,yes,yes,2,yes,no,yes,no,no,no,yes
Ministry of Energy,services,rfq,559297,7,17,yes,no,no,12,yes,no,yes,yes,no,no,no
Ministry of Fisheries,goods,open_tender,1909582,5,5,yes,yes,yes,1,yes,yes,yes,yes,no,yes,yes
Ministry of Interior,goods,restricted_tender,1600522,5,41,yes,yes,no,10,yes,no,yes,no,yes,no,no
Ministry of Transport,complex_works,rfq,1863561,1,30,yes,no,no,8,no,yes,yes,no,no,yes,no
Ministry of Finance,services,restricted_tender,2572151,3,42,yes,yes,yes,10,no,yes,yes,yes,yes,yes,no
Ministry of Fisheries,complex_works,open_tender,9168984,3,38,yes,yes,yes,6,yes,yes,yes,no,yes,no,yes
Ministry of Education,complex_works,open_tender,1656951,3,17,yes,no,no,5,no,no,no,no,no,no,no
Ministry of Agriculture,goods,restricted_tender,1293268,2,55,no,yes,no,1,no,yes,yes,no,yes,yes,yes
Ministry of Health,services,rfq,2717703,4,28,no,yes,yes,0,yes,no,yes,yes,no,no,yes
Ministry of Works,goods,rfq,833066,4,26,no,yes,yes,0,no,no,no,yes,no,no,yes
Ministry of Health,goods,restricted_tender,1604510,3,27,yes,yes,no,3,yes,yes,no,no,yes,yes,no
Ministry of Agriculture,goods,single_source,1675794,4,32,no,no,no,12,no,yes,yes,yes,no,no,yes
Ministry of Health,services,open_tender,1655979,4,20,yes,yes,yes,0,yes,yes,yes,yes,no,yes,no
Ministry of Fisheries,services,open_tender,2843853,6,18,yes,yes,yes,4,yes,yes,no,yes,no,yes,no
Ministry of Health,goods,open_tender,828513,2,50,no,yes,yes,6,no,no,no,no,yes,yes,no
Ministry of Agriculture,services,rfq,1459507,2,37,yes,yes,yes,0,yes,yes,yes,no,no,no,yes
Ministry of Energy,services,open_tender,1723911,3,10,yes,yes,yes,1,no,no,no,no,no,yes,no
Ministry of Works,services,open_tender,2803381,3,45,yes,yes,yes,4,no,yes,no,yes,yes,no,no
Ministry of Transport,services,rfq,739282,6,22,yes,yes,yes,3,yes,yes,yes,yes,yes,no,yes
Ministry of Transport,services,restricted_tender,2329180,5,8,no,yes,yes,4,yes,yes,yes,yes,no,no,no
Ministry of Energy,goods,rfq,329922,5,16,yes,yes,no,1,no,yes,no,no,yes,no,yes
Ministry of Agriculture,services,rfq,790493,5,51,yes,yes,yes,0,no,yes,yes,no,yes,no,no
Ministry of Works,complex_works,rfq,3854190,2,7,yes,yes,yes,5,yes,yes,yes,no,yes,yes,yes
Ministry of Transport,goods,open_tender,1376283,1,48,yes,no,yes,4,yes,no,yes,yes,yes,no,yes
Ministry of Transport,complex_works,open_tender,8500960,6,16,yes,no,no,0,no,no,no,yes,no,yes,no
Ministry of Works,goods,rfq,1726925,2,46,no,yes,yes,6,yes,yes,no,yes,no,no,yes
Ministry of Finance,goods,restricted_tender,1384809,1,16,yes,yes,no,5,no,no,no,no,yes,yes,no
Ministry of Justice,complex_works,restricted_tender,5936792,1,57,yes,yes,no,3,yes,no,no,no,no,yes,no
Ministry of Interior,goods,rfq,689430,7,5,yes,yes,yes,2,yes,yes,yes,yes,yes,no,no
Ministry of Fisheries,services,rfq,2012584,2,12,yes,yes,yes,2,yes,yes,yes,no,no,no,no
Ministry of Finance,services,restricted_tender,2910860,3,59,no,yes,no,5,yes,yes,yes,yes,yes,no,no
Ministry of Education,services,rfq,1518897,5,8,no,yes,yes,8,no,yes,yes,no,yes,no,yes
Ministry of Agriculture,complex_works,open_tender,2906039,7,17,yes,no,no,1,yes,no,yes,no,no,yes,yes
Ministry of Transport,goods,restricted_tender,155111,4,43,yes,yes,yes,3,yes,yes,no,no,yes,yes,yes
Ministry of Education,services,rfq,1240234,6,17,yes,yes,no,0,no,yes,yes,no,no,no,yes
Ministry of Education,services,open_tender,1444613,7,49,yes,yes,no,0,yes,yes,yes,yes,no,yes,no
Ministry of Transport,goods,open_tender,215575,6,48,yes,yes,yes,12,no,yes,no,yes,yes,no,no
Ministry of Justice,goods,rfq,1330617,1,59,no,yes,yes,6,no,yes,yes,yes,no,no,no
Ministry of Justice,services,open_tender,768755,2,12,no,yes,no,6,no,yes,yes,yes,yes,yes,no
Ministry of Justice,services,rfq,489954,7,30,yes,yes,no,3,no,no,yes,no,yes,no,yes
Ministry of Interior,services,rfq,1222437,7,56,no,yes,yes,0,yes,no,yes,no,no,yes,yes
Ministry of Health,services,restricted_tender,793045,4,7,no,no,yes,0,yes,yes,yes,yes,no,yes,no
Ministry of Works,goods,restricted_tender,891531,5,47,yes,yes,yes,0,no,yes,yes,no,yes,no,no
Ministry of Education,goods,rfq,1815524,6,50,yes,yes,yes,4,no,no,no,yes,no,no,yes
Ministry of Transport,complex_works,open_tender,3430525,3,11,yes,yes,yes,2,no,yes,yes,yes,no,no,no
Ministry of Interior,services,rfq,1638112,2,54,yes,yes,yes,0,yes,yes,no,yes,yes,yes,yes
Ministry of Finance,goods,open_tender,275019,3,45,yes,no,yes,12,yes,yes,no,no,no,yes,yes
Ministry of Finance,goods,open_tender,1745675,4,15,yes,yes,yes,1,no,yes,no,yes,no,yes,yes
Ministry of Interior,goods,open_tender,113530,3,28,yes,yes,yes,2,yes,no,no,no,no,yes,yes
Ministry of Transport,services,rfq,1618087,6,51,yes,no,yes,6,no,yes,yes,yes,no,no,no
Ministry of Fisheries,services,single_source,1417630,5,40,yes,no,yes,4,no,no,no,yes,yes,no,yes
Ministry of Justice,goods,open_tender,1283741,1,54,no,yes,yes,0,no,no,yes,no,no,no,no
Ministry of Finance,services,open_tender,1647261,6,44,yes,yes,yes,2,no,yes,yes,no,yes,no,yes
Ministry of Finance,goods,restricted_tender,1276134,5,26,yes,yes,yes,1,yes,no,no,no,no,yes,yes
Ministry of Interior,goods,restricted_tender,1714260,4,44,yes,no,yes,2,no,no,no,no,yes,no,no
Ministry of Fisheries,services,restricted_tender,766165,6,18,no,yes,yes,6,no,yes,yes,yes,yes,no,no
Ministry of Agriculture,services,rfq,2301044,7,25,yes,yes,yes,2,yes,no,yes,no,yes,yes,no
Ministry of Interior,services,open_tender,1394929,4,23,yes,yes,yes,2,no,no,no,no,yes,yes,yes
Ministry of Energy,goods,rfq,1459854,3,32,no,no,no,5,yes,no,no,yes,yes,no,yes
Ministry of Justice,complex_works,open_tender,4790328,2,54,yes,yes,yes,4,no,no,no,yes,no,yes,yes
Ministry of Transport,services,open_tender,2720308,5,40,yes,yes,yes,3,yes,no,no,yes,no,yes,no
Ministry of Interior,services,rfq,2671165,2,34,yes,yes,yes,6,no,yes,yes,no,yes,yes,no
Ministry of Works,services,rfq,2116106,4,54,yes,yes,no,0,no,no,yes,no,yes,yes,yes
Ministry of Justice,services,rfq,351924,3,27,yes,yes,yes,12,no,yes,yes,yes,yes,yes,no
Ministry of Energy,services,rfq,306487,2,32,no,yes,yes,4,yes,yes,yes,yes,no,no,no
Ministry of Finance,complex_works,rfq,7550091,6,14,no,yes,yes,2,no,yes,no,no,yes,yes,no
Ministry of Works,complex_works,restricted_tender,3211738,2,32,no,yes,yes,3,no,yes,yes,yes,no,no,yes
Ministry of Education,goods,rfq,1324634,2,12,yes,yes,yes,5,no,yes,no,no,yes,no,no
Ministry of Energy,services,rfq,2407697,6,37,yes,yes,yes,6,no,yes,no,no,no,yes,no
Ministry of Energy,complex_works,single_source,5226156,5,34,yes,yes,no,3,yes,yes,yes,no,no,no,yes
Ministry of Transport,complex_works,restricted_tender,4878363,4,42,yes,yes,yes,3,no,yes,yes,yes,no,yes,yes
Ministry of Transport,goods,rfq,1189929,5,39,yes,yes,yes,6,no,no,yes,no,yes,no,no
Ministry of Works,services,open_tender,2103426,4,51,yes,no,yes,8,yes,no,no,no,yes,yes,yes
Ministry of Transport,goods,restricted_tender,1409501,1,43,no,yes,no,5,no,yes,yes,yes,yes,yes,yes
Ministry of Education,goods,rfq,514894,4,53,yes,yes,no,1,no,yes,no,no,no,yes,no
Ministry of Justice,goods,open_tender,1308870,3,51,yes,yes,yes,0,yes,yes,yes,yes,no,yes,yes
Ministry of Justice,goods,restricted_tender,320403,2,45,yes,yes,no,5,yes,no,yes,yes,yes,no,no
Ministry of Transport,goods,rfq,1419363,4,37,no,yes,yes,8,yes,no,yes,no,yes,no,yes
Ministry of Justice,goods,open_tender,1226371,5,55,yes,yes,yes,5,yes,yes,no,no,yes,yes,yes
Ministry of Justice,services,open_tender,1452790,6,29,yes,yes,yes,10,yes,yes,yes,yes,no,yes,yes
Ministry of Works,goods,rfq,1709580,6,53,yes,yes,yes,2,no,yes,yes,yes,no,yes,yes
Ministry of Justice,complex_works,rfq,2500948,7,59,no,yes,yes,12,yes,yes,yes,yes,yes,no,no
Ministry of Health,complex_works,single_source,9312934,5,12,no,yes,yes,8,yes,no,yes,no,no,no,yes
Ministry of Interior,services,rfq,537625,1,43,yes,yes,yes,10,yes,yes,yes,yes,yes,yes,no
Ministry of Transport,complex_works,restricted_tender,1161445,6,44,no,yes,yes,3,yes,yes,no,no,yes,yes,no
Ministry of Agriculture,complex_works,restricted_tender,5666805,4,39,yes,yes,no,4,yes,yes,yes,no,no,yes,no
Ministry of Fisheries,goods,open_tender,378821,1,28,yes,yes,yes,0,no,yes,yes,yes,no,no,yes
Ministry of Health,goods,open_tender,1383572,4,16,yes,yes,yes,12,yes,no,yes,yes,yes,yes,no
Ministry of Fisheries,goods,open_tender,986197,7,57,yes,no,yes,12,yes,no,no,no,no,yes,no
Ministry of Works,goods,rfq,217647,4,9,yes,yes,yes,6,no,yes,yes,yes,yes,yes,yes
Ministry of Transport,complex_works,rfq,8983939,4,28,no,yes,no,1,no,no,yes,yes,no,yes,no
Ministry of Interior,goods,open_tender,1975776,6,23,yes,yes,yes,2,yes,yes,no,no,yes,no,yes
Ministry of Fisheries,complex_works,restricted_tender,2539600,2,52,yes,yes,yes,2,yes,yes,yes,yes,no,no,yes
Ministry of Health,complex_works,open_tender,2162189,4,55,yes,yes,no,3,no,yes,yes,no,yes,yes,yes
Ministry of Education,goods,single_source,816988,5,35,no,yes,no,0,no,yes,no,no,no,yes,no
Ministry of Justice,services,single_source,1438530,2,53,yes,yes,yes,2,no,yes,yes,no,no,no,no
Ministry of Education,services,open_tender,2946230,6,18,yes,yes,yes,2,yes,no,no,yes,no,no,yes
Ministry of Interior,goods,open_tender,1242097,6,6,yes,yes,yes,1,yes,no,no,yes,no,yes,yes
Ministry of Health,services,single_source,2350397,5,23,yes,yes,yes,10,yes,yes,yes,no,yes,no,yes
Ministry of Works,goods,open_tender,1851038,7,8,yes,yes,yes,3,yes,yes,no,yes,no,yes,yes
Ministry of Fisheries,services,rfq,937393,6,21,yes,no,yes,1,no,yes,yes,yes,yes,no,yes
Ministry of Works,complex_works,open_tender,7775602,1,10,yes,no,yes,5,yes,yes,no,no,yes,yes,no
Ministry of Transport,complex_works,single_source,3982410,7,29,yes,yes,no,5,yes,yes,no,no,yes,yes,yes
Ministry of Education,goods,restricted_tender,517835,5,22,yes,yes,yes,2,no,no,no,no,no,yes,yes
Ministry of Interior,services,open_tender,1458097,6,48,yes,yes,yes,4,yes,yes,no,no,no,no,yes
Ministry of Fisheries,goods,restricted_tender,856564,2,26,no,no,yes,6,yes,no,yes,no,no,yes,yes
Ministry of Health,goods,rfq,331755,1,44,yes,no,yes,0,yes,yes,yes,yes,yes,yes,no
Ministry of Energy,goods,open_tender,725453,3,57,yes,no,no,0,no,no,no,yes,yes,yes,yes
Ministry of Justice,complex_works,open_tender,8427297,7,27,yes,yes,no,1,yes,no,no,no,no,yes,no
Ministry of Energy,goods,restricted_tender,1524585,3,49,yes,no,yes,10,yes,no,no,no,yes,no,no
Ministry of Justice,services,rfq,2863545,5,24,yes,yes,yes,12,yes,yes,yes,no,yes,yes,no
Ministry of Finance,services,open_tender,2764749,6,7,yes,yes,yes,0,no,no,no,no,yes,no,yes
Ministry of Education,services,open_tender,1921367,2,16,yes,yes,yes,0,no,no,yes,no,no,no,no
Ministry of Transport,complex_works,restricted_tender,7507660,6,36,yes,yes,yes,6,no,no,no,no,no,no,yes
Ministry of Fisheries,complex_works,rfq,6830395,7,12,no,yes,yes,3,no,yes,no,yes,no,no,yes
Ministry of Justice,services,open_tender,2807184,4,57,yes,yes,yes,1,no,no,yes,no,yes,no,no
Ministry of Fisheries,complex_works,rfq,2035891,3,15,no,yes,no,0,no,yes,yes,no,no,yes,yes
Ministry of Education,goods,open_tender,149003,7,11,no,yes,no,8,no,yes,yes,yes,yes,no,yes
Ministry of Justice,goods,restricted_tender,1424073,5,5,yes,no,no,2,no,no,no,yes,no,no,yes
Ministry of Energy,complex_works,rfq,6149534,6,45,yes,yes,yes,0,no,yes,yes,yes,yes,yes,no
Ministry of Agriculture,services,open_tender,145475,5,17,yes,yes,yes,6,no,yes,yes,no,no,no,no
Ministry of Transport,services,open_tender,904807,3,59,yes,yes,yes,6,yes,no,yes,yes,no,yes,no
Ministry of Transport,services,open_tender,2068880,1,55,yes,no,no,5,no,yes,no,no,no,no,yes
Ministry of Justice,goods,rfq,595932,4,56,yes,yes,no,5,yes,yes,yes,yes,no,yes,no
Ministry of Health,goods,rfq,608963,6,37,no,yes,yes,6,no,yes,no,yes,no,no,no
Ministry of Education,complex_works,rfq,1708175,2,29,yes,yes,yes,8,no,no,yes,no,no,no,no
Ministry of Finance,goods,rfq,983703,1,16,yes,yes,yes,5,yes,no,yes,yes,no,yes,yes
Ministry of Education,services,rfq,1488509,4,37,yes,yes,yes,0,yes,no,yes,yes,yes,yes,no
Ministry of Fisheries,services,rfq,2426729,6,9,no,yes,yes,4,yes,yes,yes,no,no,no,no
Ministry of Interior,services,open_tender,1763129,7,31,yes,no,yes,0,yes,no,no,yes,yes,no,yes
Ministry of Fisheries,services,open_tender,877567,1,40,yes,yes,yes,0,yes,no,yes,no,yes,no,no
Ministry of Justice,goods,rfq,243984,4,11,yes,yes,no,2,no,yes,no,no,yes,yes,yes
Ministry of Education,complex_works,restricted_tender,3088062,7,19,no,yes,yes,12,yes,yes,no,no,yes,no,no
Ministry of Works,goods,rfq,1464718,6,9,yes,no,yes,3,yes,yes,yes,yes,yes,no,yes
Ministry of Works,complex_works,open_tender,6519948,3,14,yes,yes,no,1,no,yes,yes,no,yes,no,no
Ministry of Transport,services,open_tender,1292503,2,47,yes,no,yes,4,yes,no,yes,no,no,no,yes
Ministry of Agriculture,services,open_tender,2299100,4,32,yes,yes,yes,5,yes,yes,yes,yes,yes,no,no
Ministry of Works,goods,rfq,825107,4,16,yes,yes,yes,2,yes,no,no,yes,no,no,yes
Ministry of Fisheries,goods,restricted_tender,111753,1,53,yes,yes,yes,4,yes,no,no,no,no,no,yes
Ministry of Agriculture,goods,open_tender,929854,5,36,yes,yes,yes,0,yes,no,no,no,yes,yes,yes
Ministry of Fisheries,complex_works,rfq,2725049,4,55,yes,yes,yes,1,yes,yes,yes,yes,no,no,no
Ministry of Health,goods,open_tender,1672034,7,46,yes,yes,yes,8,no,yes,yes,no,yes,yes,yes
Ministry of Fisheries,services,rfq,220076,1,7,yes,yes,yes,0,no,yes,yes,no,no,no,yes
Ministry of Justice,services,open_tender,142056,1,33,no,no,yes,2,no,yes,yes,no,no,yes,yes
Ministry of Justice,complex_works,rfq,2493551,6,10,yes,yes,no,0,no,yes,yes,no,yes,no,no
Ministry of Education,goods,open_tender,1866245,3,59,yes,yes,yes,5,no,yes,yes,no,yes,yes,no
Ministry of Interior,services,open_tender,345144,1,41,yes,yes,yes,6,yes,yes,no,yes,no,yes,yes
Ministry of Fisheries,complex_works,open_tender,4877590,5,30,no,yes,yes,0,yes,no,yes,yes,yes,yes,yes
Ministry of Fisheries,services,open_tender,1905518,2,6,yes,yes,yes,12,yes,yes,yes,no,no,yes,no
Ministry of Transport,services,open_tender,1870394,6,14,yes,no,no,6,yes,yes,no,yes,yes,yes,yes
Ministry of Agriculture,goods,rfq,1254831,5,50,yes,yes,no,10,yes,no,no,no,no,yes,no
Ministry of Agriculture,goods,restricted_tender,1585251,5,35,no,yes,yes,3,yes,yes,yes,no,no,no,yes
Ministry of Transport,goods,rfq,1000437,2,53,no,yes,no,5,yes,no,no,no,no,no,no
Ministry of Finance,services,open_tender,2499146,3,27,no,no,yes,4,yes,no,no,no,no,no,no
Ministry of Finance,goods,rfq,1596933,7,15,yes,yes,yes,5,no,yes,yes,no,no,yes,no
Ministry of Agriculture,services,restricted_tender,2045692,2,24,yes,yes,yes,3,yes,no,no,no,no,no,no
Ministry of Health,goods,rfq,1806963,3,12,yes,yes,yes,0,yes,no,no,yes,no,no,no
Ministry of Interior,goods,restricted_tender,571396,7,13,no,yes,no,5,no,yes,no,yes,yes,yes,no
Ministry of Health,services,restricted_tender,1352137,3,50,yes,yes,yes,1,yes,yes,yes,yes,yes,no,no
Ministry of Interior,goods,rfq,1791035,3,50,yes,yes,yes,8,yes,yes,yes,no,yes,no,no
Ministry of Agriculture,complex_works,rfq,8880055,2,35,yes,yes,no,0,yes,yes,yes,no,yes,yes,yes
Ministry of Energy,complex_works,restricted_tender,6053929,2,57,yes,yes,yes,4,no,no,no,yes,no,no,no
Ministry of Justice,complex_works,rfq,1851161,2,17,no,yes,yes,8,yes,no,yes,yes,yes,no,yes
Ministry of Health,complex_works,open_tender,6673938,4,30,no,yes,no,10,no,yes,yes,no,yes,no,yes
Ministry of Agriculture,complex_works,open_tender,3367893,6,12,yes,yes,no,1,no,no,yes,no,no,yes,no
Ministry of Justice,goods,restricted_tender,284196,7,26,no,yes,yes,0,yes,yes,yes,no,yes,yes,yes
Ministry of Energy,goods,restricted_tender,141911,7,17,yes,yes,no,0,yes,yes,yes,no,no,yes,no
Ministry of Transport,services,rfq,2379023,3,56,yes,yes,no,0,no,yes,no,no,no,no,no
Ministry of Justice,goods,open_tender,1555419,6,12,yes,yes,yes,8,yes,no,yes,no,yes,no,no
Ministry of Energy,complex_works,rfq,8058021,3,58,yes,yes,yes,1,yes,yes,yes,no,no,no,yes
Ministry of Finance,services,restricted_tender,178116,4,26,yes,yes,no,0,no,no,no,no,yes,yes,yes
Ministry of Health,goods,open_tender,475767,4,12,no,yes,yes,0,yes,no,yes,yes,yes,no,yes
Ministry of Interior,services,open_tender,2116328,2,23,no,no,no,0,yes,yes,no,yes,yes,no,no
Ministry of Energy,goods,open_tender,174591,1,58,yes,yes,yes,3,no,yes,no,no,yes,yes,yes
Ministry of Works,services,rfq,1827512,1,9,yes,yes,yes,0,yes,yes,no,no,no,yes,no
Ministry of Works,goods,rfq,1678662,5,49,yes,yes,yes,4,yes,no,no,no,no,no,yes
Ministry of Energy,goods,open_tender,493258,5,58,yes,yes,yes,6,yes,yes,yes,yes,no,yes,no
Ministry of Health,goods,rfq,1278265,5,19,no,yes,yes,2,no,yes,yes,yes,yes,yes,no
Ministry of Interior,complex_works,rfq,1708092,1,35,yes,no,yes,10,no,yes,yes,yes,yes,yes,no
Ministry of Finance,goods,open_tender,1628232,5,11,yes,yes,yes,10,no,yes,yes,no,yes,no,no
Ministry of Health,complex_works,rfq,6686321,4,17,yes,yes,yes,1,yes,yes,yes,no,yes,yes,no
Ministry of Finance,services,open_tender,1439527,3,35,no,yes,no,10,no,no,no,yes,no,no,no
Ministry of Energy,services,restricted_tender,1185610,7,9,yes,no,yes,0,no,yes,yes,yes,no,yes,no
Ministry of Agriculture,goods,open_tender,938698,2,15,no,yes,yes,1,yes,no,no,yes,yes,yes,no
Ministry of Fisheries,goods,rfq,106635,6,37,yes,yes,yes,0,no,yes,yes,no,no,yes,no
Ministry of Justice,services,rfq,2675849,2,34,yes,yes,yes,5,yes,yes,yes,no,no,yes,yes
Ministry of Finance,complex_works,restricted_tender,8123753,3,15,yes,yes,no,6,no,no,yes,yes,no,yes,no
Ministry of Agriculture,services,open_tender,1009210,7,12,no,yes,yes,0,yes,no,no,yes,yes,no,no
Ministry of Works,services,open_tender,2420220,5,34,yes,yes,yes,8,no,no,yes,no,no,yes,yes
Ministry of Transport,services,open_tender,2589331,1,10,yes,yes,yes,0,no,yes,yes,no,yes,no,yes
Ministry of Works,complex_works,rfq,2770403,3,23,yes,no,no,0,yes,yes,yes,no,no,yes,yes
Ministry of Finance,goods,rfq,875992,7,8,no,yes,yes,4,no,yes,yes,no,yes,yes,yes
Ministry of Health,services,rfq,1517231,5,35,yes,no,yes,6,yes,no,yes,no,no,yes,yes
Ministry of Fisheries,services,open_tender,1508791,3,30,yes,yes,no,0,yes,no,no,no,yes,yes,yes
Ministry of Justice,goods,open_tender,906841,1,17,yes,yes,yes,5,yes,yes,no,yes,no,yes,no
Ministry of Interior,goods,rfq,101033,1,38,no,yes,no,5,no,yes,no,no,yes,no,no
Ministry of Works,services,rfq,1296311,6,18,no,yes,no,8,yes,no,no,no,no,no,no
Ministry of Health,complex_works,restricted_tender,6173395,3,27,yes,yes,yes,5,no,yes,yes,no,yes,no,no
Ministry of Energy,goods,rfq,1966430,1,58,no,yes,yes,3,no,no,yes,yes,no,yes,yes
Ministry of Agriculture,goods,restricted_tender,1488495,3,24,yes,yes,yes,4,yes,no,yes,yes,yes,yes,yes
Ministry of Energy,complex_works,rfq,3670492,3,24,yes,no,yes,2,yes,no,no,yes,yes,no,yes
Ministry of Works,services,restricted_tender,2429672,3,58,no,yes,no,5,no,yes,yes,no,yes,yes,no
Ministry of Fisheries,goods,open_tender,1012454,4,13,yes,yes,yes,4,yes,yes,no,no,yes,yes,no
Ministry of Works,goods,rfq,1581817,3,44,yes,yes,no,0,no,no,no,no,yes,no,no
Ministry of Transport,goods,single_source,1084104,5,58,yes,no,yes,10,no,yes,yes,no,no,yes,no
Ministry of Justice,goods,open_tender,157573,1,40,yes,yes,yes,0,yes,no,no,yes,no,yes,no
Ministry of Transport,goods,rfq,1270851,7,29,no,yes,no,0,yes,no,yes,yes,yes,yes,yes
Ministry of Finance,goods,rfq,1508819,2,8,yes,yes,no,4,yes,no,yes,yes,no,no,yes
Ministry of Education,goods,rfq,712714,5,21,yes,yes,yes,4,yes,yes,no,no,yes,yes,yes
Ministry of Health,goods,single_source,1960617,5,10,no,yes,yes,4,yes,no,no,yes,no,no,yes
Ministry of Justice,complex_works,restricted_tender,6104459,1,47,yes,yes,yes,2,yes,yes,no,yes,yes,yes,yes
Ministry of Fisheries,goods,open_tender,878282,1,38,no,yes,no,5,no,yes,yes,no,no,no,yes
Ministry of Energy,services,rfq,2304601,5,27,no,yes,no,4,yes,no,yes,yes,no,yes,no
Ministry of Agriculture,services,restricted_tender,581799,4,51,yes,yes,yes,4,yes,no,yes,no,yes,yes,yes
Ministry of Justice,complex_works,open_tender,7281328,1,14,no,no,yes,0,yes,yes,yes,no,yes,yes,no
Ministry of Transport,complex_works,restricted_tender,9295953,3,18,yes,yes,yes,0,yes,no,yes,no,no,yes,no
Ministry of Education,complex_works,single_source,9992719,7,34,yes,yes,yes,5,yes,yes,yes,yes,no,yes,no
Ministry of Energy,services,rfq,1504962,2,50,no,yes,yes,5,no,no,yes,yes,no,yes,no
Ministry of Health,complex_works,restricted_tender,7730419,1,41,yes,yes,yes,4,yes,yes,no,yes,no,yes,yes
Ministry of Energy,complex_works,open_tender,3986068,5,29,yes,yes,yes,6,no,yes,no,yes,yes,no,yes
Ministry of Finance,goods,rfq,1554558,2,11,no,yes,yes,5,yes,no,no,no,yes,yes,yes
Ministry of Transport,goods,open_tender,779115,1,54,yes,no,yes,0,yes,yes,yes,no,yes,yes,no
Ministry of Works,goods,rfq,1686076,1,40,yes,yes,yes,4,yes,no,no,no,yes,yes,yes
Ministry of Health,goods,open_tender,1778235,2,38,yes,yes,yes,0,no,yes,no,no,no,no,yes
Ministry of Justice,services,open_tender,953159,1,30,no,yes,yes,10,yes,yes,no,no,no,no,no
Ministry of Justice,complex_works,rfq,3628973,6,57,yes,no,yes,1,yes,yes,no,yes,no,no,no
Ministry of Energy,complex_works,rfq,5601318,5,18,yes,no,yes,0,yes,yes,yes,no,yes,no,no
Ministry of Education,goods,rfq,996769,4,9,yes,yes,yes,0,no,no,yes,no,no,no,yes
Ministry of Agriculture,services,rfq,869565,1,20,yes,yes,yes,2,no,no,yes,no,no,no,yes
Ministry of Interior,goods,open_tender,1346517,1,59,yes,yes,yes,0,yes,no,no,yes,no,yes,no
Ministry of Interior,complex_works,rfq,2625199,3,11,yes,yes,yes,5,yes,no,yes,yes,no,yes,no
Ministry of Energy,goods,open_tender,120474,1,54,yes,yes,yes,3,no,no,no,no,yes,yes,no
Ministry of Health,goods,rfq,422339,2,58,no,yes,no,5,no,yes,yes,no,yes,no,yes
Ministry of Works,services,rfq,928416,7,48,yes,yes,yes,3,yes,yes,yes,yes,yes,yes,yes
Ministry of Justice,services,open_tender,557820,5,57,no,no,no,5,yes,yes,yes,no,no,no,yes
Ministry of Justice,goods,rfq,1257955,3,45,yes,yes,no,0,yes,yes,yes,no,no,no,no
Ministry of Energy,complex_works,open_tender,4643488,4,8,yes,yes,yes,6,yes,no,no,yes,yes,no,yes
Ministry of Health,goods,open_tender,718689,1,41,yes,no,no,6,no,yes,yes,yes,no,yes,no
Ministry of Agriculture,goods,restricted_tender,1377296,1,56,no,yes,yes,8,yes,no,yes,yes,no,yes,no
Ministry of Agriculture,goods,open_tender,775527,7,23,yes,yes,yes,2,yes,no,no,no,no,no,yes
Ministry of Finance,goods,rfq,971872,7,29,no,no,yes,1,yes,yes,no,yes,no,yes,yes
Ministry of Health,goods,rfq,1211140,3,58,yes,yes,no,10,no,no,no,yes,yes,yes,yes
Ministry of Works,services,rfq,703151,3,6,yes,yes,yes,6,no,no,yes,no,yes,yes,yes
Ministry of Energy,complex_works,single_source,3180139,1,19,yes,no,yes,6,yes,no,yes,no,yes,yes,no
Ministry of Education,goods,open_tender,157041,1,27,no,no,yes,10,no,yes,no,no,no,no,no
Ministry of Transport,goods,open_tender,1908768,3,51,yes,yes,yes,5,yes,no,yes,yes,no,yes,yes
Ministry of Energy,goods,open_tender,594344,6,30,yes,yes,yes,1,yes,yes,yes,yes,yes,no,yes
Ministry of Justice,goods,rfq,1400615,1,21,yes,no,yes,6,yes,no,yes,no,yes,yes,no
Ministry of Finance,goods,open_tender,479069,7,8,no,yes,yes,10,yes,yes,yes,yes,no,no,yes
Ministry of Fisheries,goods,open_tender,983296,5,7,yes,no,yes,6,no,yes,yes,no,yes,no,no
Ministry of Energy,goods,restricted_tender,745139,5,58,yes,yes,yes,5,yes,no,yes,no,yes,no,no
Ministry of Fisheries,services,open_tender,1450816,5,24,yes,no,yes,12,yes,yes,no,no,no,yes,yes
Ministry of Fisheries,services,rfq,329167,2,46,no,yes,yes,8,yes,yes,no,no,no,no,no
Ministry of Education,goods,open_tender,166220,5,40,yes,yes,no,4,yes,yes,no,yes,no,yes,no
Ministry of Transport,goods,restricted_tender,783375,5,27,no,yes,yes,1,yes,no,no,no,no,no,yes
Ministry of Energy,services,rfq,2151723,7,50,yes,no,yes,6,no,yes,yes,yes,no,no,no
Ministry of Finance,services,open_tender,1479339,2,10,yes,yes,yes,5,yes,yes,yes,no,yes,no,yes
Ministry of Fisheries,goods,restricted_tender,498013,2,25,no,yes,yes,10,yes,yes,no,no,no,yes,no
Ministry of Fisheries,goods,rfq,1893441,3,14,yes,yes,yes,1,yes,yes,no,no,yes,no,yes
Ministry of Fisheries,services,rfq,926547,2,30,yes,yes,yes,3,yes,no,yes,no,yes,yes,yes
Ministry of Works,goods,open_tender,73548,6,28,yes,no,yes,3,no,no,yes,no,yes,no,no
Ministry of Finance,services,rfq,2556850,3,58,yes,yes,yes,0,yes,yes,yes,yes,yes,yes,no
Ministry of Fisheries,services,open_tender,1831530,2,17,no,yes,yes,2,no,yes,yes,no,no,yes,no
Ministry of Fisheries,services,rfq,383816,2,19,yes,no,no,5,yes,yes,no,yes,yes,no,yes
Ministry of Transport,services,open_tender,2236300,7,44,yes,no,yes,12,no,no,yes,yes,yes,yes,yes
Ministry of Justice,services,open_tender,717397,4,39,yes,no,no,10,no,yes,no,yes,yes,no,no
Ministry of Education,goods,rfq,679112,7,9,yes,yes,yes,12,no,yes,yes,yes,yes,no,no
Ministry of Transport,goods,open_tender,1856242,1,59,yes,yes,yes,0,yes,yes,no,yes,yes,yes,no
Ministry of Health,goods,restricted_tender,1179306,6,46,yes,yes,yes,6,yes,yes,yes,yes,no,yes,no
Ministry of Interior,goods,open_tender,1464954,1,30,yes,yes,no,3,yes,yes,no,no,yes,no,yes
Ministry of Health,goods,open_tender,661796,7,48,yes,no,yes,0,no,yes,yes,yes,no,yes,yes
Ministry of Works,goods,single_source,1179267,4,11,yes,yes,yes,8,yes,yes,yes,yes,yes,yes,yes
Ministry of Education,services,open_tender,2780000,7,18,yes,yes,yes,6,yes,yes,no,yes,yes,no,yes
Ministry of Interior,complex_works,single_source,2658800,4,14,yes,no,no,3,no,yes,no,yes,no,no,yes
Ministry of Transport,services,single_source,1490277,3,37,no,yes,yes,0,yes,yes,yes,yes,yes,yes,yes
Ministry of Energy,services,rfq,1522533,5,53,no,yes,no,10,yes,yes,no,no,yes,yes,yes
Ministry of Works,services,single_source,1180132,5,58,yes,yes,yes,0,no,no,yes,no,yes,no,no
Ministry of Finance,goods,open_tender,198178,1,34,no,yes,yes,2,yes,no,yes,no,no,yes,no
Ministry of Health,goods,open_tender,523196,7,36,yes,yes,yes,12,yes,no,yes,no,no,no,no
Ministry of Energy,goods,open_tender,328011,7,13,no,yes,no,12,yes,yes,no,no,yes,yes,no
Ministry of Agriculture,goods,open_tender,1726079,6,59,yes,yes,yes,2,yes,yes,yes,yes,no,yes,yes
Ministry of Fisheries,services,rfq,2754525,3,59,yes,yes,yes,12,yes,yes,no,no,yes,yes,no
Ministry of Agriculture,complex_works,rfq,1713391,5,6,yes,yes,yes,1,yes,no,yes,yes,yes,no,no
Ministry of Education,goods,rfq,308916,6,39,yes,yes,no,8,no,yes,no,yes,yes,no,yes
Ministry of Works,goods,open_tender,1095851,2,26,yes,no,yes,3,no,no,no,yes,no,no,no
Ministry of Health,goods,open_tender,299717,5,39,yes,yes,yes,10,yes,no,yes,yes,yes,yes,yes
Ministry of Justice,goods,rfq,617827,2,20,yes,yes,no,8,no,yes,no,no,no,yes,no
Ministry of Interior,services,restricted_tender,1627573,5,43,no,yes,no,3,yes,yes,yes,no,yes,yes,no
Ministry of Finance,complex_works,open_tender,4631453,3,9,yes,no,no,5,yes,yes,yes,yes,yes,yes,yes
Ministry of Energy,complex_works,restricted_tender,4182132,2,52,yes,yes,yes,5,yes,no,yes,yes,no,yes,no
Ministry of Health,complex_works,rfq,8658206,2,31,yes,yes,no,4,yes,yes,no,no,no,yes,yes
Ministry of Fisheries,goods,open_tender,638033,6,35,yes,yes,yes,0,no,yes,yes,yes,no,no,no
Ministry of Fisheries,goods,open_tender,1129037,1,20,yes,no,no,3,yes,yes,no,no,yes,yes,no
Ministry of Interior,goods,open_tender,1242564,6,25,yes,yes,yes,6,yes,no,no,no,no,no,no
Ministry of Agriculture,goods,rfq,1097635,5,26,no,yes,yes,4,yes,yes,no,no,yes,no,no
Ministry of Education,goods,open_tender,139051,7,33,yes,yes,yes,0,yes,no,no,no,no,yes,yes
Ministry of Education,services,open_tender,354265,2,22,no,yes,yes,8,yes,no,yes,no,yes,no,yes
Ministry of Energy,goods,open_tender,186149,5,30,yes,yes,no,12,yes,yes,no,yes,no,no,yes
Ministry of Health,services,open_tender,2247907,3,17,no,yes,yes,2,yes,yes,no,yes,no,yes,no
Ministry of Justice,services,single_source,1947199,2,57,no,yes,yes,0,yes,yes,yes,yes,yes,no,yes
Ministry of Agriculture,services,rfq,1149708,5,40,yes,no,no,2,no,yes,no,no,no,yes,yes
Ministry of Transport,goods,open_tender,1193995,1,35,no,yes,yes,5,no,no,no,yes,no,yes,no
Ministry of Transport,complex_works,open_tender,8426187,6,59,yes,yes,yes,3,no,no,yes,no,yes,no,yes
Ministry of Finance,services,rfq,1458990,2,33,yes,yes,yes,0,no,no,no,no,yes,yes,no
Ministry of Fisheries,goods,rfq,1514889,1,42,yes,yes,yes,1,yes,no,no,no,yes,yes,no
Ministry of Education,goods,open_tender,1051675,2,34,yes,yes,yes,4,no,no,yes,yes,yes,yes,no
Ministry of Finance,goods,restricted_tender,1041052,2,46,no,yes,yes,2,no,yes,yes,no,no,yes,no
Ministry of Transport,goods,open_tender,732171,2,16,yes,yes,yes,3,yes,yes,yes,no,yes,yes,no
Ministry of Interior,complex_works,single_source,9817518,4,44,no,yes,no,0,yes,yes,yes,yes,no,yes,yes
Ministry of Justice,goods,open_tender,259124,7,20,no,yes,yes,1,no,no,yes,yes,no,no,yes
Ministry of Finance,goods,restricted_tender,1500781,5,43,yes,yes,yes,1,no,no,yes,no,no,no,yes
Ministry of Fisheries,complex_works,restricted_tender,8753638,6,26,no,yes,yes,10,yes,yes,yes,yes,yes,no,no
Ministry of Fisheries,goods,rfq,833077,2,10,yes,yes,yes,3,yes,no,no,yes,yes,no,yes
Ministry of Finance,goods,rfq,1634424,5,20,no,yes,yes,5,yes,yes,yes,yes,yes,yes,no
Ministry of Education,goods,single_source,1148966,7,55,yes,no,yes,6,yes,yes,no,no,no,yes,yes
Ministry of Fisheries,goods,open_tender,962374,4,32,no,no,yes,10,no,no,yes,no,no,yes,no
Ministry of Education,services,open_tender,334433,1,43,yes,yes,no,0,yes,yes,yes,no,no,no,yes
Ministry of Transport,services,open_tender,1558835,2,36,yes,yes,no,4,no,yes,no,yes,no,no,no
Ministry of Energy,goods,restricted_tender,1373957,5,24,yes,yes,no,0,yes,yes,yes,yes,no,no,yes
Ministry of Interior,goods,rfq,1069051,2,27,yes,yes,yes,6,yes,no,yes,no,no,yes,no
Ministry of Fisheries,goods,open_tender,368774,2,22,yes,no,yes,0,yes,yes,yes,yes,no,no,no
Ministry of Interior,services,rfq,435510,1,43,yes,yes,no,6,no,no,no,no,no,no,no
Ministry of Fisheries,goods,rfq,414765,7,20,no,yes,yes,1,no,yes,yes,yes,yes,yes,no
Ministry of Justice,services,rfq,2857436,4,10,yes,yes,no,10,yes,yes,no,no,yes,no,yes
Ministry of Fisheries,goods,open_tender,754397,2,52,yes,yes,yes,2,yes,yes,no,yes,yes,yes,no
Ministry of Agriculture,goods,rfq,1616772,3,15,no,yes,yes,2,yes,yes,yes,no,no,yes,yes
Ministry of Works,goods,rfq,425601,3,30,yes,yes,no,6,yes,no,yes,yes,yes,no,yes
Ministry of Education,goods,open_tender,1800093,3,43,yes,yes,no,5,yes,no,yes,no,no,yes,yes
Ministry of Justice,complex_works,open_tender,6320804,2,37,yes,yes,yes,0,no,yes,no,no,yes,no,no
Ministry of Energy,goods,rfq,1578461,1,36,no,yes,yes,0,no,no,no,no,no,yes,yes
Ministry of Justice,complex_works,open_tender,7663143,7,25,no,yes,yes,10,yes,yes,yes,yes,yes,yes,yes
Ministry of Works,services,rfq,1973200,7,51,yes,yes,yes,3,no,yes,yes,yes,no,yes,yes
Ministry of Justice,services,rfq,997691,4,35,yes,no,yes,2,yes,yes,no,yes,yes,no,no
Ministry of Education,services,open_tender,216908,4,18,yes,yes,yes,2,yes,yes,yes,no,no,no,yes
Ministry of Fisheries,services,rfq,760501,1,22,no,yes,no,0,yes,no,yes,no,yes,no,no
Ministry of Energy,services,open_tender,1425499,6,48,yes,no,yes,0,yes,yes,yes,yes,no,yes,yes
Ministry of Energy,goods,open_tender,231446,6,24,yes,yes,yes,6,yes,yes,no,yes,no,yes,no
Ministry of Transport,goods,rfq,707191,7,48,no,no,yes,6,yes,yes,yes,no,yes,yes,no
Ministry of Education,services,rfq,2468787,6,12,yes,no,yes,3,yes,yes,no,no,no,yes,no
Ministry of Interior,goods,open_tender,1070021,6,16,yes,yes,yes,8,yes,yes,yes,no,no,no,yes
Ministry of Energy,goods,open_tender,1693062,6,52,yes,no,no,2,yes,no,no,no,no,yes,no
Ministry of Interior,services,restricted_tender,635827,5,13,yes,yes,yes,4,no,yes,no,yes,yes,yes,no
Ministry of Education,goods,open_tender,660278,3,49,yes,no,yes,5,no,no,yes,yes,no,no,yes
Ministry of Fisheries,goods,restricted_tender,1939855,5,54,no,yes,no,2,yes,yes,no,yes,yes,no,yes
Ministry of Justice,goods,rfq,822783,1,43,no,yes,no,3,yes,yes,yes,yes,no,no,yes
Ministry of Fisheries,goods,restricted_tender,1711342,1,16,yes,yes,yes,2,no,no,no,no,yes,no,yes
Ministry of Transport,services,open_tender,377834,1,35,yes,yes,yes,0,yes,yes,no,yes,no,yes,no
Ministry of Health,goods,restricted_tender,290491,3,14,yes,yes,no,2,yes,no,no,yes,yes,no,no
Ministry of Finance,services,open_tender,272903,5,44,yes,yes,yes,0,yes,yes,no,yes,yes,no,no
Ministry of Fisheries,services,single_source,112336,5,56,yes,yes,yes,6,yes,yes,yes,yes,yes,no,no
Ministry of Justice,goods,open_tender,1070498,7,28,no,no,no,4,yes,no,no,no,yes,yes,yes
Ministry of Finance,complex_works,rfq,2615270,1,25,yes,no,yes,8,yes,no,no,yes,yes,yes,no
Ministry of Energy,services,rfq,1667043,1,41,yes,yes,no,5,no,yes,no,no,yes,yes,yes
Ministry of Education,services,rfq,631149,1,59,yes,yes,no,4,no,yes,no,yes,no,yes,no
Ministry of Energy,goods,open_tender,475910,1,18,yes,yes,no,8,yes,yes,no,no,no,no,no
Ministry of Fisheries,services,rfq,733389,5,37,yes,yes,yes,0,no,no,yes,yes,no,yes,no
Ministry of Health,goods,open_tender,1757348,4,15,yes,yes,yes,8,no,no,yes,yes,no,yes,no
Ministry of Finance,services,open_tender,2036983,7,30,yes,yes,yes,5,no,no,no,yes,yes,yes,no
Ministry of Energy,goods,open_tender,969091,5,22,no,yes,yes,5,yes,yes,no,yes,no,no,yes
Ministry of Works,services,open_tender,539717,2,54,yes,no,yes,0,yes,yes,yes,yes,yes,yes,no
Ministry of Health,complex_works,open_tender,6754068,7,25,no,yes,yes,0,yes,yes,no,yes,yes,yes,no
Ministry of Interior,services,open_tender,2039893,6,50,no,yes,yes,4,yes,yes,yes,no,yes,no,no
Ministry of Fisheries,complex_works,open_tender,8827881,3,5,yes,no,yes,4,no,yes,yes,yes,no,no,no
Ministry of Works,goods,rfq,1639804,1,26,yes,yes,yes,0,no,yes,yes,no,no,no,no
Ministry of Health,services,rfq,2035573,5,37,no,yes,yes,0,yes,yes,no,no,yes,no,yes
Ministry of Health,services,restricted_tender,2778306,5,14,no,yes,yes,12,yes,yes,yes,yes,yes,yes,yes
Ministry of Justice,goods,single_source,600049,4,53,yes,yes,yes,12,yes,yes,yes,no,yes,yes,no
Ministry of Works,services,open_tender,2970741,3,44,yes,yes,yes,4,yes,yes,yes,no,yes,yes,no
Ministry of Finance,complex_works,open_tender,8660064,5,14,yes,yes,yes,3,yes,no,yes,yes,no,yes,yes
Ministry of Fisheries,goods,open_tender,1154188,7,21,no,yes,yes,2,no,yes,yes,no,yes,yes,yes
Ministry of Agriculture,complex_works,open_tender,4580885,2,38,no,no,yes,8,yes,yes,no,yes,no,yes,no
Ministry of Interior,complex_works,rfq,1177476,7,42,yes,yes,no,10,yes,yes,yes,no,yes,yes,yes
Ministry of Agriculture,goods,open_tender,892329,7,21,yes,yes,yes,4,no,no,no,yes,yes,no,no
Ministry of Fisheries,services,open_tender,2805430,1,6,yes,yes,yes,3,no,yes,yes,yes,yes,yes,yes
Ministry of Fisheries,goods,rfq,666552,2,59,yes,no,yes,10,yes,no,yes,no,no,yes,no
Ministry of Finance,services,restricted_tender,1422014,2,22,yes,yes,yes,0,no,yes,yes,yes,no,no,yes
Ministry of Transport,goods,rfq,531247,3,57,yes,yes,yes,10,no,yes,no,yes,yes,no,no
Ministry of Justice,goods,open_tender,279192,2,42,yes,yes,yes,0,yes,yes,yes,yes,no,yes,no
Ministry of Works,goods,open_tender,1463664,6,17,no,no,no,1,no,yes,yes,no,no,yes,yes
Ministry of Health,services,single_source,1412032,4,19,no,yes,yes,10,no,yes,yes,yes,no,no,no
Ministry of Justice,goods,rfq,671655,2,26,yes,no,no,8,yes,yes,yes,yes,yes,no,yes
Ministry of Agriculture,services,restricted_tender,2045909,2,51,yes,no,yes,5,yes,yes,no,no,yes,yes,no
Ministry of Transport,goods,rfq,528365,3,13,no,yes,yes,4,no,yes,yes,yes,no,no,no
Ministry of Education,services,open_tender,1334599,7,47,no,yes,yes,0,no,yes,no,yes,no,no,no
Ministry of Transport,complex_works,open_tender,2702424,1,15,yes,yes,no,2,no,yes,yes,yes,no,no,no
Ministry of Energy,goods,rfq,790957,1,6,yes,no,no,10,yes,no,no,yes,no,yes,yes
Ministry of Fisheries,goods,rfq,1344832,7,8,no,yes,no,0,no,no,yes,yes,yes,yes,yes
Ministry of Finance,services,open_tender,1318284,3,26,yes,yes,yes,10,no,yes,yes,no,no,yes,yes
Ministry of Health,complex_works,rfq,6279947,4,59,yes,yes,yes,0,yes,no,yes,no,no,yes,yes
Ministry of Works,services,restricted_tender,2203627,1,43,yes,yes,no,0,yes,no,yes,yes,yes,yes,yes
Ministry of Finance,goods,open_tender,1851817,6,43,no,yes,no,0,no,no,no,no,yes,no,yes
Ministry of Justice,services,rfq,2573055,5,25,yes,yes,yes,12,no,yes,no,no,yes,yes,no
Ministry of Finance,goods,open_tender,1267745,7,55,no,yes,no,3,yes,yes,yes,no,yes,no,yes
Ministry of Fisheries,complex_works,open_tender,2109229,4,40,yes,yes,yes,6,no,yes,no,no,yes,no,no
Ministry of Education,goods,open_tender,483297,5,52,no,yes,yes,6,no,no,yes,yes,no,yes,no
Ministry of Transport,goods,open_tender,1710102,4,43,yes,yes,yes,4,yes,no,yes,no,no,no,no
Ministry of Fisheries,complex_works,open_tender,3760451,2,47,yes,yes,yes,4,yes,yes,no,no,no,yes,no
Ministry of Energy,services,rfq,521655,6,34,yes,no,yes,8,no,no,yes,no,yes,no,yes
Ministry of Fisheries,services,open_tender,718636,3,10,no,yes,yes,6,yes,yes,yes,yes,no,yes,yes
Ministry of Energy,goods,restricted_tender,1951257,6,25,yes,yes,yes,4,yes,yes,no,yes,no,no,yes
Ministry of Interior,complex_works,rfq,4983063,1,5,yes,yes,no,0,yes,yes,no,yes,yes,yes,no
Ministry of Works,goods,rfq,194938,4,21,yes,no,yes,2,yes,yes,no,yes,no,yes,no
Ministry of Agriculture,goods,open_tender,1226957,5,19,yes,yes,yes,6,yes,yes,yes,no,no,no,yes
Ministry of Fisheries,services,rfq,583075,7,29,yes,no,yes,5,yes,yes,yes,yes,yes,no,no
Ministry of Transport,services,rfq,964899,5,30,yes,yes,yes,6,no,yes,yes,no,yes,yes,no
Ministry of Transport,services,open_tender,221292,3,6,yes,yes,yes,1,yes,yes,yes,yes,no,no,no
Ministry of Agriculture,complex_works,open_tender,8049985,3,35,yes,no,yes,3,no,yes,no,no,yes,yes,yes
Ministry of Fisheries,services,rfq,2722280,7,16,yes,yes,yes,1,no,no,yes,no,yes,yes,yes
Ministry of Transport,goods,open_tender,1811331,4,7,yes,yes,yes,0,no,yes,yes,yes,yes,yes,yes
Ministry of Fisheries,services,rfq,492977,5,35,no,no,yes,8,yes,yes,no,no,yes,no,no
Ministry of Education,complex_works,open_tender,2040835,3,35,yes,yes,yes,5,no,no,no,yes,yes,yes,yes
Ministry of Health,complex_works,restricted_tender,5758669,1,17,no,no,no,5,yes,yes,yes,yes,no,no,no
Ministry of Interior,goods,open_tender,890268,2,56,yes,yes,yes,3,no,yes,no,no,no,yes,yes
Ministry of Energy,services,open_tender,1015767,1,9,no,no,yes,4,no,yes,no,yes,no,yes,no
Ministry of Health,complex_works,rfq,5253459,5,59,no,yes,yes,2,yes,no,no,yes,no,no,no
Ministry of Finance,goods,open_tender,1680594,2,28,no,yes,yes,2,no,yes,yes,yes,yes,yes,no
Ministry of Transport,goods,rfq,1705776,6,24,no,yes,yes,6,yes,no,no,no,yes,no,yes
Ministry of Transport,goods,open_tender,718640,4,26,yes,no,yes,5,yes,yes,yes,yes,no,yes,no
Ministry of Finance,goods,open_tender,1371939,1,14,yes,yes,yes,10,yes,no,no,yes,no,no,no
Ministry of Justice,goods,open_tender,1778719,3,37,yes,yes,no,6,no,yes,no,yes,yes,no,yes
Ministry of Interior,goods,open_tender,1738241,1,51,yes,yes,yes,5,yes,yes,yes,yes,no,yes,yes
Ministry of Works,services,restricted_tender,1296688,3,29,yes,yes,yes,6,yes,no,yes,yes,yes,yes,no
Ministry of Health,services,single_source,2790605,6,7,yes,yes,yes,0,yes,yes,yes,yes,yes,yes,no
Ministry of Energy,goods,rfq,580992,2,36,yes,yes,yes,8,no,no,no,no,yes,no,yes
Ministry of Interior,complex_works,rfq,2539152,6,29,yes,yes,no,3,no,yes,yes,no,no,no,no
Ministry of Health,complex_works,rfq,6473024,3,7,yes,yes,yes,0,no,no,yes,yes,no,yes,no
Ministry of Education,complex_works,restricted_tender,2564458,1,47,yes,yes,yes,1,no,no,no,yes,yes,yes,no
Ministry of Works,services,restricted_tender,1081598,5,17,yes,yes,yes,0,no,yes,no,yes,no,no,no
Ministry of Interior,goods,restricted_tender,643775,6,52,yes,yes,yes,8,yes,no,yes,yes,no,no,no
Ministry of Education,services,rfq,2563501,4,41,yes,no,no,2,yes,yes,yes,no,yes,yes,no
Ministry of Agriculture,goods,open_tender,1460364,1,22,no,yes,yes,0,yes,no,no,no,yes,yes,yes
Ministry of Energy,services,rfq,2226869,5,39,yes,yes,no,10,yes,yes,yes,no,yes,no,yes
Ministry of Education,complex_works,rfq,2279372,1,23,yes,no,yes,10,yes,yes,no,no,yes,yes,no
Ministry of Transport,complex_works,rfq,9357038,5,35,no,no,yes,0,yes,yes,yes,yes,yes,no,yes
Ministry of Health,services,open_tender,338826,2,21,yes,yes,yes,8,no,yes,yes,yes,yes,yes,no
Ministry of Agriculture,complex_works,open_tender,9745662,3,41,no,no,yes,3,yes,no,yes,no,no,yes,no
Ministry of Finance,goods,rfq,901112,1,11,no,yes,yes,3,yes,yes,yes,yes,yes,yes,yes
Ministry of Justice,goods,rfq,50799,2,22,no,yes,yes,6,no,yes,no,no,yes,yes,yes
Ministry of Justice,goods,open_tender,1496053,2,21,yes,yes,yes,6,yes,no,yes,no,no,yes,yes
Ministry of Agriculture,services,open_tender,185350,1,16,yes,no,yes,1,yes,no,yes,no,yes,no,yes
Ministry of Interior,goods,open_tender,1700882,7,5,yes,yes,yes,3,no,yes,yes,no,yes,yes,yes
Ministry of Education,complex_works,open_tender,1902810,1,24,no,yes,yes,2,yes,yes,yes,no,yes,yes,yes
Ministry of Fisheries,services,rfq,2463304,1,48,no,no,no,5,yes,yes,yes,no,no,no,no
Ministry of Energy,goods,open_tender,124489,4,33,yes,no,no,0,yes,no,no,no,yes,yes,yes
Ministry of Education,complex_works,restricted_tender,3674986,1,13,no,yes,yes,1,yes,no,yes,yes,no,no,yes
Ministry of Agriculture,services,open_tender,1231614,6,25,yes,yes,yes,1,yes,yes,no,yes,no,no,yes
Ministry of Fisheries,goods,rfq,1545318,4,49,yes,yes,yes,5,no,yes,yes,yes,yes,no,yes
Ministry of Transport,goods,restricted_tender,1519206,4,14,yes,yes,yes,8,yes,yes,no,yes,no,yes,yes
Ministry of Transport,goods,rfq,1704865,6,14,yes,yes,yes,10,no,yes,no,no,yes,yes,no
Ministry of Agriculture,goods,open_tender,1679208,7,16,yes,yes,yes,0,no,yes,no,yes,yes,yes,no
Ministry of Interior,goods,rfq,774410,1,24,yes,yes,yes,6,no,no,yes,no,no,yes,yes
Ministry of Energy,goods,rfq,1495819,4,13,yes,yes,no,6,yes,no,no,yes,no,no,no
Ministry of Education,goods,open_tender,625100,7,5,yes,no,no,2,no,no,no,yes,yes,no,no
Ministry of Fisheries,goods,rfq,521466,6,26,yes,yes,yes,8,yes,no,no,no,no,yes,yes
Ministry of Fisheries,complex_works,rfq,5609635,1,16,yes,no,yes,5,yes,yes,no,no,yes,yes,no
Ministry of Education,goods,single_source,1596557,2,10,yes,no,yes,1,yes,no,yes,no,no,yes,no
Ministry of Works,goods,open_tender,739517,5,23,yes,yes,yes,2,yes,yes,no,yes,yes,no,no
Ministry of Interior,goods,open_tender,782790,6,5,yes,yes,yes,0,yes,yes,yes,no,yes,yes,yes
Ministry of Fisheries,goods,restricted_tender,885358,1,54,yes,yes,yes,2,no,yes,yes,yes,yes,yes,no
Ministry of Fisheries,services,open_tender,977933,1,29,yes,yes,yes,6,yes,yes,yes,no,no,yes,yes
Ministry of Fisheries,complex_works,rfq,6048245,5,39,yes,yes,yes,12,no,yes,yes,yes,no,yes,yes
Ministry of Transport,services,open_tender,924765,2,39,no,yes,yes,3,yes,no,yes,no,no,no,no
Ministry of Finance,goods,open_tender,628979,2,52,yes,no,yes,6,yes,yes,no,yes,no,yes,no
Ministry of Works,services,open_tender,1112968,6,18,yes,yes,no,5,yes,yes,yes,no,yes,yes,yes
Ministry of Education,goods,open_tender,1738177,5,16,no,yes,no,3,yes,no,yes,no,no,no,no
Ministry of Agriculture,goods,rfq,1790584,2,13,yes,yes,yes,4,no,no,no,no,no,no,no
Ministry of Fisheries,services,restricted_tender,1117977,3,59,yes,yes,yes,0,yes,yes,yes,no,yes,no,no
Ministry of Transport,complex_works,open_tender,7957038,6,9,no,yes,no,3,no,yes,yes,no,no,no,yes
Ministry of Energy,goods,open_tender,1836272,7,10,yes,yes,yes,8,yes,no,yes,yes,yes,yes,no
Ministry of Agriculture,services,restricted_tender,929119,4,20,yes,yes,no,3,no,no,yes,yes,yes,yes,no
Ministry of Education,services,rfq,112938,3,43,yes,yes,yes,5,no,yes,yes,no,yes,no,yes
Ministry of Energy,services,open_tender,1178290,3,13,yes,yes,yes,1,no,yes,yes,no,no,yes,no
Ministry of Agriculture,goods,rfq,1318276,4,42,yes,yes,no,6,no,no,no,yes,yes,no,yes
Ministry of Works,goods,restricted_tender,198063,6,40,yes,yes,yes,8,yes,no,yes,yes,yes,yes,yes
Ministry of Works,goods,open_tender,416042,7,31,yes,yes,yes,0,no,yes,no,yes,no,no,yes
Ministry of Education,goods,restricted_tender,739608,7,39,no,yes,yes,5,no,yes,no,no,yes,yes,no
Ministry of Education,goods,rfq,1779504,4,24,yes,no,yes,0,no,no,no,yes,yes,no,no
Ministry of Transport,goods,rfq,926004,2,16,yes,yes,no,10,no,yes,yes,yes,yes,yes,no
Ministry of Education,goods,restricted_tender,1605381,6,33,yes,yes,yes,2,no,no,no,yes,no,yes,yes
Ministry of Justice,services,rfq,1325619,5,55,yes,yes,yes,0,yes,no,yes,yes,no,no,yes
Ministry of Education,services,open_tender,1128520,2,51,yes,yes,no,6,no,no,yes,no,no,yes,no
Ministry of Energy,goods,restricted_tender,578111,5,47,yes,yes,yes,5,yes,yes,no,no,yes,no,no
Ministry of Interior,services,rfq,276774,4,9,yes,yes,no,3,yes,yes,yes,no,yes,yes,no
Ministry of Justice,goods,rfq,1950057,3,13,yes,yes,no,0,no,no,yes,yes,yes,no,no
Ministry of Transport,goods,open_tender,508128,3,51,yes,yes,no,0,yes,yes,no,yes,no,no,yes
Ministry of Transport,goods,rfq,1542737,6,18,no,no,yes,0,yes,no,yes,no,no,yes,no
Ministry of Justice,complex_works,open_tender,4462087,7,46,yes,yes,yes,1,no,no,yes,no,no,no,yes
Ministry of Transport,services,open_tender,355416,5,52,yes,yes,yes,0,yes,yes,yes,yes,yes,no,yes
Ministry of Fisheries,complex_works,single_source,1558114,3,57,yes,yes,yes,6,yes,yes,no,no,yes,yes,yes
Ministry of Energy,goods,rfq,883054,4,21,yes,yes,yes,8,yes,no,yes,no,yes,yes,yes
Ministry of Finance,services,open_tender,384329,4,6,yes,yes,yes,12,yes,yes,yes,no,no,yes,yes
Ministry of Agriculture,services,open_tender,1239391,6,47,no,no,yes,5,yes,no,no,no,no,no,yes
Ministry of Health,services,rfq,2519585,1,34,no,yes,yes,1,yes,yes,yes,no,yes,yes,yes
Ministry of Energy,services,rfq,2944714,5,51,yes,yes,yes,0,yes,yes,yes,yes,yes,yes,no
Ministry of Transport,goods,rfq,1940256,3,58,no,yes,yes,1,yes,yes,no,no,no,yes,no
Ministry of Health,goods,rfq,1280420,1,51,yes,yes,yes,3,no,yes,no,yes,no,yes,yes
Ministry of Works,goods,open_tender,754364,7,12,yes,yes,yes,0,yes,no,yes,no,yes,yes,yes
Ministry of Works,services,rfq,2542752,5,23,yes,yes,yes,4,no,yes,yes,no,yes,no,no
Ministry of Energy,complex_works,open_tender,6690912,5,51,yes,yes,yes,0,no,yes,yes,no,yes,no,yes
Ministry of Agriculture,complex_works,rfq,6973300,4,31,yes,yes,yes,2,yes,no,no,yes,yes,no,yes
Ministry of Finance,goods,rfq,190689,2,22,no,yes,yes,4,yes,yes,no,yes,no,yes,no
Ministry of Justice,services,restricted_tender,2181530,6,58,no,yes,no,1,yes,no,no,no,yes,yes,no
Ministry of Fisheries,goods,open_tender,727178,7,35,yes,no,no,10,no,yes,yes,yes,yes,yes,yes
Ministry of Works,goods,single_source,1483050,4,43,yes,yes,yes,10,yes,yes,yes,yes,yes,yes,no
Ministry of Interior,goods,single_source,1275701,2,59,no,no,yes,0,yes,yes,no,yes,no,no,yes
Ministry of Transport,services,rfq,1481880,1,27,yes,no,yes,0,yes,no,yes,yes,yes,no,yes
Ministry of Interior,goods,open_tender,1686897,4,39,yes,no,yes,1,no,no,yes,yes,yes,yes,no
Ministry of Agriculture,goods,rfq,1845651,6,9,yes,yes,no,0,no,no,no,no,no,no,yes
Ministry of Agriculture,goods,open_tender,1057536,7,5,yes,yes,yes,5,no,no,yes,yes,no,no,yes
Ministry of Education,complex_works,open_tender,7779697,3,5,yes,yes,yes,5,yes,no,no,yes,no,yes,yes
Ministry of Health,goods,open_tender,701809,1,24,yes,yes,no,10,yes,no,no,yes,no,no,no
Ministry of Education,services,open_tender,515794,4,27,yes,yes,no,4,no,yes,yes,yes,yes,yes,no
Ministry of Works,services,rfq,830929,1,26,no,yes,yes,2,no,yes,yes,yes,yes,no,no
Ministry of Finance,complex_works,rfq,2085110,6,18,no,yes,yes,10,no,yes,yes,no,no,no,no
Ministry of Interior,services,rfq,2111841,4,51,yes,no,yes,4,yes,no,no,no,no,yes,no
Ministry of Energy,services,open_tender,2990978,2,49,yes,yes,no,1,no,yes,yes,yes,no,no,no
Ministry of Justice,goods,open_tender,231142,2,10,no,yes,yes,0,yes,yes,no,yes,no,no,no
Ministry of Energy,goods,rfq,1414591,6,48,no,no,no,10,yes,no,no,yes,no,yes,no
Ministry of Interior,complex_works,open_tender,1159876,6,56,yes,yes,no,3,no,yes,no,no,no,yes,yes
Ministry of Agriculture,goods,open_tender,699822,5,6,yes,yes,yes,0,yes,yes,yes,no,no,no,yes
Ministry of Justice,goods,open_tender,930077,1,39,no,no,yes,1,yes,yes,no,yes,yes,yes,yes
Ministry of Fisheries,services,open_tender,450639,3,5,yes,yes,yes,5,yes,no,yes,yes,no,no,yes
Ministry of Works,complex_works,restricted_tender,3196856,3,16,yes,yes,yes,3,no,yes,no,no,yes,yes,no
Ministry of Agriculture,services,rfq,146539,2,45,no,yes,yes,4,yes,yes,yes,no,no,no,yes
Ministry of Interior,complex_works,open_tender,7808210,3,10,yes,yes,yes,0,no,yes,yes,no,yes,no,yes
Ministry of Transport,goods,open_tender,739009,3,51,no,yes,no,3,yes,yes,yes,yes,no,yes,yes
Ministry of Education,services,rfq,2213061,1,44,yes,yes,yes,5,no,no,yes,yes,yes,yes,yes
Ministry of Fisheries,services,open_tender,2660390,7,18,no,yes,yes,4,yes,yes,yes,no,no,yes,no
Ministry of Works,services,open_tender,2506967,4,54,yes,yes,yes,4,no,no,no,no,no,yes,yes
Ministry of Transport,complex_works,rfq,6409351,6,36,no,yes,no,2,yes,yes,no,no,no,no,yes
Ministry of Health,complex_works,open_tender,2619884,2,31,no,yes,yes,0,no,no,yes,yes,no,no,no
Ministry of Justice,goods,open_tender,1844268,5,10,yes,yes,yes,4,no,no,yes,no,no,no,no
Ministry of Education,goods,rfq,400425,7,5,yes,yes,yes,4,yes,no,yes,yes,no,no,yes
Ministry of Education,complex_works,restricted_tender,2885249,2,36,yes,yes,no,0,no,yes,yes,no,no,yes,yes
Ministry of Education,goods,open_tender,1932614,7,30,yes,no,no,5,yes,yes,yes,no,yes,no,yes
Ministry of Agriculture,services,open_tender,330487,3,46,yes,no,yes,2,yes,yes,yes,yes,no,yes,no
Ministry of Works,services,rfq,283273,5,17,yes,yes,yes,4,no,yes,yes,yes,no,no,yes
Ministry of Fisheries,goods,restricted_tender,1680596,7,47,no,yes,yes,1,no,yes,yes,no,yes,yes,yes
Ministry of Energy,complex_works,open_tender,7877486,2,54,yes,yes,yes,5,yes,yes,no,yes,yes,no,no
Ministry of Finance,services,open_tender,752692,4,8,yes,yes,yes,6,yes,no,yes,no,yes,yes,yes
Ministry of Transport,complex_works,rfq,6778994,2,49,yes,yes,yes,0,no,yes,yes,yes,yes,no,no
Ministry of Works,goods,rfq,1482132,4,9,yes,yes,yes,3,no,yes,no,no,no,no,yes
Ministry of Finance,goods,rfq,523026,7,47,yes,yes,yes,5,yes,yes,no,no,yes,yes,no
Ministry of Energy,complex_works,rfq,3264116,5,16,no,yes,yes,6,no,yes,yes,yes,yes,no,no
Ministry of Justice,goods,rfq,1693074,4,36,yes,yes,yes,0,yes,yes,yes,no,yes,no,yes
Ministry of Finance,services,restricted_tender,1910948,2,24,yes,yes,yes,8,yes,no,yes,yes,yes,no,no
Ministry of Interior,services,rfq,2708182,7,48,yes,yes,yes,6,yes,yes,yes,no,yes,yes,no
Ministry of Agriculture,goods,open_tender,1414981,5,14,yes,yes,yes,6,yes,no,yes,yes,yes,no,no
Ministry of Interior,goods,open_tender,1972337,1,9,no,yes,yes,0,no,yes,yes,yes,no,no,no
Ministry of Agriculture,goods,rfq,251495,5,34,yes,yes,yes,2,yes,yes,no,yes,yes,yes,no
Ministry of Finance,services,rfq,306422,5,7,no,yes,no,6,yes,no,yes,no,yes,yes,no
Ministry of Energy,goods,rfq,983796,4,50,yes,yes,no,2,no,no,no,yes,yes,no,yes
Ministry of Interior,goods,rfq,576761,3,37,no,yes,yes,5,yes,yes,yes,no,no,yes,no
Ministry of Finance,goods,rfq,263328,6,24,yes,no,yes,3,yes,yes,yes,yes,no,yes,no
Ministry of Fisheries,services,open_tender,2131143,3,47,yes,yes,yes,4,no,no,yes,no,no,no,yes
Ministry of Finance,goods,rfq,947936,2,17,yes,yes,yes,0,no,no,yes,no,no,yes,yes
Ministry of Interior,services,rfq,462009,4,40,yes,yes,yes,6,no,no,no,yes,yes,no,yes
Ministry of Works,services,open_tender,531838,7,46,yes,yes,yes,10,no,no,yes,no,no,no,yes
Ministry of Health,goods,open_tender,1690456,1,59,no,yes,yes,2,no,yes,no,yes,yes,no,yes
Ministry of Transport,goods,open_tender,1677282,2,44,yes,yes,yes,0,no,yes,yes,yes,yes,no,no
Ministry of Interior,services,rfq,2163632,4,49,yes,yes,yes,6,no,no,yes,yes,yes,no,no
Ministry of Finance,services,open_tender,1443683,3,59,yes,yes,yes,1,no,yes,yes,yes,no,no,yes
Ministry of Fisheries,goods,open_tender,944030,2,25,yes,yes,yes,6,yes,yes,no,no,yes,no,yes
Ministry of Fisheries,complex_works,rfq,1778639,6,36,no,yes,yes,8,no,no,no,yes,no,yes,yes
Ministry of Justice,complex_works,open_tender,5501236,6,51,no,no,yes,2,yes,yes,yes,no,no,no,no
Ministry of Transport,goods,rfq,997719,5,44,no,yes,yes,4,yes,yes,yes,yes,no,no,no
Ministry of Interior,services,single_source,1032478,3,20,yes,yes,yes,4,yes,yes,no,no,no,no,no
Ministry of Justice,goods,rfq,1738936,4,13,yes,yes,yes,10,yes,no,yes,yes,yes,yes,no
Ministry of Agriculture,services,rfq,1491864,6,26,no,yes,no,2,yes,yes,yes,no,yes,no,no
Ministry of Health,complex_works,rfq,6887136,2,27,no,yes,no,5,yes,no,no,yes,yes,no,yes
Ministry of Works,goods,rfq,1427332,2,32,yes,yes,no,4,yes,no,yes,yes,no,no,no
Ministry of Education,services,open_tender,1719888,2,6,yes,yes,yes,4,yes,yes,yes,no,no,no,no
Ministry of Energy,goods,restricted_tender,594929,7,27,yes,yes,yes,3,no,no,yes,yes,no,yes,yes
Ministry of Education,goods,open_tender,1799033,6,21,no,no,no,2,yes,yes,yes,yes,no,yes,no
Ministry of Justice,complex_works,open_tender,6712978,1,15,no,yes,yes,0,no,yes,yes,yes,no,no,no
Ministry of Energy,complex_works,rfq,2763655,3,20,no,no,yes,5,yes,no,no,no,no,yes,no
Ministry of Health,services,rfq,2475404,5,21,yes,yes,yes,6,no,yes,yes,no,no,no,yes
Ministry of Transport,services,open_tender,1443763,2,49,yes,no,no,4,no,yes,no,no,yes,yes,no
Ministry of Works,services,restricted_tender,2247118,5,41,yes,yes,yes,0,yes,no,yes,yes,no,yes,yes
Ministry of Interior,services,open_tender,542037,6,21,yes,yes,yes,1,yes,yes,no,no,yes,no,no
Ministry of Health,goods,single_source,132641,2,12,no,yes,yes,1,yes,yes,yes,yes,yes,yes,no
Ministry of Justice,goods,open_tender,1369718,6,36,no,yes,no,5,no,yes,no,yes,no,yes,no
Ministry of Energy,goods,open_tender,649223,4,45,yes,yes,yes,5,yes,yes,yes,yes,no,yes,no
Ministry of Finance,services,restricted_tender,2376632,5,22,yes,yes,yes,3,yes,yes,yes,yes,yes,yes,no
Ministry of Finance,services,open_tender,379087,7,53,yes,yes,yes,3,yes,yes,yes,yes,yes,yes,no
Ministry of Fisheries,services,open_tender,970181,3,52,yes,yes,yes,5,yes,no,no,yes,yes,no,yes
Ministry of Works,services,open_tender,1552847,4,57,no,yes,yes,6,yes,yes,no,yes,no,no,no
Ministry of Interior,services,single_source,1576019,6,51,yes,yes,no,6,no,yes,yes,yes,no,no,no
Ministry of Interior,goods,open_tender,901740,1,54,yes,yes,yes,2,no,yes,no,no,no,yes,no
Ministry of Energy,services,open_tender,700988,3,40,no,yes,yes,6,yes,no,no,yes,no,no,no
Ministry of Justice,goods,rfq,1853541,7,47,yes,yes,yes,6,no,yes,no,no,yes,yes,no
Ministry of Fisheries,services,rfq,1316953,3,32,yes,yes,no,2,yes,yes,yes,no,no,yes,yes
Ministry of Transport,goods,open_tender,1937987,6,27,yes,yes,yes,5,yes,no,no,yes,yes,no,no
Ministry of Interior,goods,single_source,1378413,2,18,yes,yes,yes,5,yes,yes,no,yes,yes,no,yes
Ministry of Interior,goods,open_tender,176206,5,58,no,yes,yes,6,no,yes,no,yes,no,yes,no
Ministry of Interior,goods,rfq,1513122,7,29,yes,yes,yes,8,yes,yes,yes,no,no,yes,yes
Ministry of Fisheries,goods,open_tender,1692782,4,5,yes,yes,no,3,yes,no,yes,yes,no,no,no
Ministry of Energy,services,rfq,1250112,6,14,no,yes,yes,5,yes,no,yes,yes,no,yes,yes
Ministry of Works,complex_works,open_tender,5262911,6,45,yes,yes,no,0,yes,yes,yes,yes,no,yes,no
Ministry of Finance,services,rfq,2029384,1,42,yes,yes,yes,12,yes,yes,yes,no,yes,no,no
Ministry of Health,goods,restricted_tender,840243,2,32,yes,yes,yes,0,yes,no,yes,no,no,yes,no
Ministry of Finance,goods,rfq,1055635,5,20,yes,yes,no,2,yes,yes,yes,yes,no,no,no
Ministry of Finance,goods,open_tender,133805,3,29,yes,yes,no,6,no,no,no,no,yes,yes,yes
Ministry of Justice,goods,open_tender,1401870,6,41,no,no,yes,2,yes,yes,no,no,no,no,no
Ministry of Education,goods,open_tender,1529989,1,58,yes,yes,yes,1,no,no,yes,yes,no,yes,no
Ministry of Fisheries,services,rfq,2423729,4,53,yes,yes,yes,0,yes,yes,yes,yes,yes,yes,no
Ministry of Energy,goods,open_tender,1957016,1,50,yes,yes,yes,0,yes,yes,yes,no,yes,no,no
Ministry of Fisheries,complex_works,open_tender,7281102,6,8,yes,yes,no,4,yes,no,yes,no,no,no,yes
Ministry of Agriculture,goods,rfq,335840,2,59,yes,yes,yes,6,no,no,yes,no,no,yes,yes
Ministry of Works,services,open_tender,1557750,7,40,yes,yes,no,2,no,yes,no,yes,yes,yes,no
Ministry of Justice,services,restricted_tender,1137004,2,30,no,yes,yes,10,no,no,no,yes,no,yes,no
Ministry of Justice,goods,open_tender,626563,2,48,yes,no,no,0,no,no,yes,yes,no,no,no
Ministry of Works,services,open_tender,375001,5,46,yes,yes,no,3,yes,no,no,no,no,no,no
Ministry of Justice,goods,restricted_tender,1720762,1,28,yes,no,no,3,yes,yes,yes,yes,yes,yes,no
Ministry of Agriculture,goods,open_tender,1228321,7,19,yes,yes,yes,12,yes,no,no,yes,no,no,yes
Ministry of Fisheries,goods,open_tender,1890977,4,23,yes,no,yes,2,yes,no,yes,no,yes,no,yes
Ministry of Fisheries,complex_works,open_tender,5692489,6,6,no,yes,yes,1,yes,yes,yes,yes,no,yes,yes
Ministry of Interior,services,open_tender,248306,4,43,no,yes,yes,2,yes,no,yes,yes,yes,no,yes
Ministry of Agriculture,goods,single_source,1540689,6,52,no,no,no,3,no,yes,yes,yes,yes,no,yes
Ministry of Transport,complex_works,open_tender,6461730,2,51,yes,yes,yes,10,yes,yes,no,no,yes,no,yes
Ministry of Fisheries,services,rfq,627433,2,32,no,yes,no,4,yes,no,yes,no,no,yes,no
Ministry of Works,goods,rfq,1554932,3,24,yes,yes,yes,5,yes,no,yes,no,yes,no,yes
Ministry of Works,services,open_tender,2333232,5,50,yes,yes,yes,10,no,no,yes,yes,no,yes,no
Ministry of Finance,services,open_tender,2748303,5,35,yes,yes,yes,2,no,no,yes,no,no,no,no
Ministry of Justice,services,rfq,1236301,3,25,no,yes,yes,2,no,no,yes,no,yes,yes,no
Ministry of Agriculture,goods,open_tender,1449877,3,14,yes,yes,yes,0,yes,yes,no,yes,yes,yes,yes
Ministry of Energy,services,rfq,473218,5,12,no,yes,yes,3,yes,no,no,no,yes,yes,yes
Ministry of Education,goods,rfq,225508,5,57,yes,yes,yes,4,yes,no,yes,yes,no,no,no
Ministry of Agriculture,complex_works,open_tender,7346502,2,6,no,yes,yes,8,yes,yes,yes,yes,no,no,no
Ministry of Agriculture,complex_works,open_tender,5478903,4,22,yes,yes,yes,2,yes,no,yes,yes,no,yes,yes
Ministry of Education,goods,rfq,190931,2,33,yes,yes,yes,4,no,no,yes,no,yes,yes,no
Ministry of Education,goods,open_tender,1736447,1,53,yes,yes,no,8,no,yes,no,yes,yes,yes,no
Ministry of Transport,complex_works,rfq,2419702,6,12,yes,yes,yes,4,yes,yes,no,yes,no,no,yes
Ministry of Works,goods,restricted_tender,54642,1,42,yes,yes,yes,1,yes,yes,no,yes,no,no,yes
Ministry of Fisheries,goods,rfq,215384,2,15,yes,yes,yes,10,yes,no,yes,no,yes,yes,no
Ministry of Health,goods,open_tender,1113881,2,40,yes,yes,yes,10,no,yes,yes,no,yes,no,yes
Ministry of Health,complex_works,rfq,3249170,4,36,yes,no,no,2,no,yes,no,no,yes,yes,no
Ministry of Interior,goods,open_tender,244202,1,9,no,yes,yes,0,yes,no,no,no,no,no,no
Ministry of Justice,goods,open_tender,1865017,7,35,yes,yes,no,5,no,yes,yes,no,yes,yes,no
Ministry of Works,goods,rfq,1890639,7,27,no,yes,no,3,yes,yes,yes,yes,no,yes,yes
Ministry of Energy,goods,open_tender,176745,6,17,no,yes,yes,10,no,yes,no,no,no,yes,no
Ministry of Transport,goods,rfq,363678,1,22,no,yes,no,0,yes,yes,yes,yes,yes,yes,yes
Ministry of Agriculture,services,open_tender,958468,2,29,yes,yes,yes,4,yes,no,no,yes,no,yes,no
Ministry of Energy,goods,rfq,1410858,3,17,yes,yes,yes,3,yes,no,yes,no,no,no,no
Ministry of Education,services,restricted_tender,2827533,6,55,no,yes,no,6,yes,no,yes,no,no,yes,no
Ministry of Fisheries,complex_works,open_tender,1123844,4,17,no,yes,no,10,yes,no,yes,no,yes,no,no
Ministry of Justice,goods,open_tender,859657,1,26,no,yes,no,10,yes,yes,yes,no,yes,no,yes
Ministry of Health,goods,rfq,1372061,1,38,yes,yes,no,8,yes,no,yes,yes,no,yes,no
Ministry of Finance,services,rfq,1088144,7,19,no,yes,yes,2,yes,yes,yes,no,yes,no,yes
Ministry of Fisheries,services,open_tender,1557449,7,15,no,yes,yes,6,no,no,yes,no,no,yes,no
Ministry of Agriculture,services,open_tender,1277209,4,52,yes,yes,yes,4,no,no,yes,no,no,no,no
Ministry of Finance,complex_works,open_tender,7058014,1,33,yes,yes,yes,6,no,yes,no,yes,yes,no,yes
Ministry of Education,goods,rfq,377985,7,10,yes,yes,yes,8,yes,no,yes,yes,no,no,no
Ministry of Education,services,open_tender,1074090,3,10,yes,no,yes,3,yes,no,yes,yes,yes,no,no
Ministry of Justice,complex_works,rfq,5668710,6,25,yes,yes,no,1,yes,yes,no,yes,no,no,no
Ministry of Transport,complex_works,rfq,8045158,2,20,yes,yes,yes,2,yes,no,no,no,yes,yes,no
Ministry of Agriculture,services,rfq,2725823,7,24,yes,yes,yes,4,yes,yes,no,yes,yes,yes,yes
Ministry of Justice,goods,open_tender,90449,4,6,no,yes,yes,1,no,no,yes,no,no,yes,yes
Ministry of Interior,complex_works,open_tender,4200034,7,57,yes,yes,no,0,no,yes,no,no,yes,no,yes
Ministry of Agriculture,complex_works,restricted_tender,6806191,5,37,yes,yes,yes,0,no,yes,yes,yes,yes,no,yes
Ministry of Health,goods,rfq,1900123,5,58,no,yes,no,3,no,yes,yes,no,no,yes,yes
Ministry of Fisheries,goods,rfq,715582,3,19,no,yes,yes,1,yes,yes,yes,yes,yes,yes,yes
Ministry of Education,services,restricted_tender,1223955,2,6,yes,yes,yes,6,yes,yes,yes,yes,no,yes,no
Ministry of Fisheries,services,rfq,1559222,7,30,yes,yes,yes,0,yes,no,yes,no,no,yes,no
Ministry of Energy,complex_works,rfq,1301065,4,42,yes,yes,yes,2,no,yes,no,no,no,yes,no
Ministry of Works,services,rfq,2310588,1,8,yes,yes,yes,2,no,yes,no,no,no,yes,yes
Ministry of Agriculture,services,rfq,1634682,5,38,no,yes,yes,6,yes,no,yes,no,yes,yes,no
Ministry of Works,complex_works,open_tender,5335807,6,48,no,no,yes,0,no,yes,no,yes,yes,no,yes
Ministry of Fisheries,complex_works,single_source,9895707,7,17,yes,yes,no,6,yes,yes,yes,yes,yes,no,no
Ministry of Finance,goods,open_tender,152281,4,33,no,yes,no,6,yes,yes,no,yes,yes,yes,no
Ministry of Health,complex_works,open_tender,2943419,7,58,yes,yes,no,3,yes,no,yes,no,yes,yes,yes
Ministry of Education,goods,open_tender,1917427,5,53,yes,yes,yes,8,no,yes,yes,yes,no,no,yes
Ministry of Fisheries,goods,open_tender,1532247,5,36,yes,yes,yes,4,no,yes,yes,yes,yes,yes,yes
Ministry of Justice,services,open_tender,2988899,1,43,yes,yes,no,5,no,yes,no,no,yes,no,yes
Ministry of Education,goods,open_tender,779950,4,47,yes,yes,yes,0,no,yes,yes,yes,yes,no,yes
Ministry of Justice,complex_works,open_tender,7743485,6,39,yes,yes,no,6,no,no,yes,yes,no,no,yes
Ministry of Agriculture,goods,restricted_tender,1666752,4,15,yes,yes,yes,5,yes,no,no,no,yes,no,yes
Ministry of Agriculture,goods,rfq,1474157,6,32,yes,yes,no,0,no,yes,yes,no,yes,no,yes
Ministry of Works,services,rfq,1340505,5,14,no,yes,yes,3,no,no,no,no,yes,yes,no
Ministry of Agriculture,services,open_tender,301657,6,44,yes,yes,yes,0,yes,yes,yes,no,yes,no,yes
Ministry of Finance,services,open_tender,2720916,7,21,no,yes,yes,8,no,no,no,no,yes,no,no
Ministry of Education,goods,rfq,752221,1,31,yes,no,yes,1,yes,no,yes,yes,yes,yes,no
Ministry of Works,goods,open_tender,1788746,2,48,no,yes,yes,1,yes,no,no,yes,yes,yes,no
Ministry of Transport,goods,single_source,1733568,2,27,yes,yes,no,12,yes,yes,no,yes,no,yes,yes
Ministry of Health,services,open_tender,506497,5,8,yes,yes,no,0,yes,no,yes,no,no,yes,yes
Ministry of Energy,goods,open_tender,617476,2,25,no,yes,no,8,no,yes,no,no,yes,no,yes
Ministry of Transport,goods,rfq,1350529,7,36,no,yes,yes,6,yes,no,no,yes,yes,no,no
Ministry of Energy,goods,restricted_tender,1542716,7,29,yes,yes,yes,0,yes,yes,yes,yes,yes,no,yes
Ministry of Transport,goods,restricted_tender,1888964,4,27,yes,yes,yes,6,no,no,no,no,yes,no,no
Ministry of Health,services,rfq,1590194,3,37,no,yes,yes,0,yes,yes,yes,yes,no,no,yes
Ministry of Education,goods,rfq,586567,4,10,no,no,yes,0,yes,yes,yes,yes,no,yes,no
Ministry of Agriculture,services,open_tender,1550095,5,17,yes,yes,no,0,yes,yes,no,no,no,no,yes
Ministry of Energy,services,rfq,2482353,2,36,yes,yes,yes,2,no,yes,no,no,no,yes,no
Ministry of Fisheries,complex_works,rfq,6076561,6,32,no,yes,yes,8,no,yes,yes,no,no,no,no
Ministry of Transport,services,open_tender,2615091,1,41,yes,yes,yes,0,no,yes,yes,yes,no,yes,yes
Ministry of Justice,goods,single_source,852080,1,58,yes,yes,yes,3,yes,no,yes,yes,yes,no,no
Ministry of Interior,services,open_tender,1724804,4,46,no,yes,no,3,yes,yes,no,no,yes,no,no
Ministry of Transport,complex_works,restricted_tender,4001046,5,42,yes,yes,no,1,no,yes,yes,yes,yes,no,no
Ministry of Interior,services,rfq,2475948,5,40,yes,yes,no,10,yes,yes,yes,no,yes,yes,yes
Ministry of Interior,services,open_tender,996465,3,20,yes,no,no,2,yes,no,yes,yes,yes,yes,no
Ministry of Transport,services,rfq,1303307,1,57,no,yes,yes,2,no,yes,no,yes,no,yes,yes
Ministry of Energy,goods,open_tender,1850467,6,25,yes,no,yes,3,yes,yes,no,no,no,yes,yes
Ministry of Agriculture,complex_works,rfq,5676637,4,58,no,yes,yes,0,yes,yes,no,no,no,yes,no
Ministry of Fisheries,complex_works,open_tender,8404544,7,47,no,no,yes,6,no,no,yes,no,no,yes,yes
Ministry of Agriculture,goods,single_source,1962990,1,48,yes,no,yes,1,no,yes,yes,no,yes,no,yes
Ministry of Education,services,rfq,973002,3,14,yes,yes,yes,5,no,no,yes,no,yes,yes,no
Ministry of Fisheries,goods,open_tender,1420530,1,55,no,yes,yes,12,no,yes,yes,yes,yes,no,yes
Ministry of Works,goods,open_tender,132673,5,44,yes,yes,yes,2,yes,no,yes,yes,yes,yes,no
Ministry of Agriculture,goods,rfq,1514308,3,22,no,yes,yes,10,yes,yes,yes,yes,yes,yes,no
Ministry of Finance,services,open_tender,982816,2,5,no,yes,no,6,no,yes,yes,no,yes,no,no
Ministry of Agriculture,complex_works,single_source,9248544,2,39,yes,yes,yes,1,no,no,yes,yes,no,no,yes
Ministry of Fisheries,complex_works,rfq,3894914,2,14,yes,yes,yes,3,yes,no,no,no,no,yes,no
Ministry of Energy,complex_works,rfq,2670663,7,6,yes,yes,yes,2,no,yes,yes,yes,no,no,no
Ministry of Justice,goods,rfq,1521921,7,52,no,yes,yes,2,yes,no,yes,no,no,no,yes
Ministry of Education,services,open_tender,2130934,4,45,yes,yes,yes,10,yes,yes,yes,no,yes,yes,no
Ministry of Interior,services,open_tender,2551036,5,44,no,no,no,10,no,no,yes,no,no,no,yes
Ministry of Finance,goods,rfq,645929,1,42,yes,yes,yes,3,no,yes,yes,yes,no,yes,no
Ministry of Justice,goods,rfq,1393348,5,15,no,yes,no,2,no,yes,yes,no,no,yes,yes
Ministry of Agriculture,goods,rfq,156918,7,7,no,yes,yes,6,yes,yes,yes,no,no,no,yes
Ministry of Fisheries,goods,open_tender,989507,4,5,yes,yes,yes,0,no,yes,no,no,yes,yes,no
Ministry of Interior,services,rfq,2802711,3,6,no,yes,yes,1,no,no,yes,yes,yes,yes,yes
Ministry of Transport,complex_works,restricted_tender,7049655,1,31,yes,yes,yes,10,yes,yes,no,no,yes,no,no
Ministry of Works,services,open_tender,2462745,2,11,yes,yes,yes,1,yes,yes,yes,no,yes,no,yes
Ministry of Interior,services,rfq,250595,3,27,no,yes,yes,12,no,no,yes,yes,yes,no,no
Ministry of Justice,goods,rfq,753446,1,54,no,yes,no,0,yes,no,no,yes,yes,no,yes
Ministry of Education,services,rfq,858921,2,34,yes,yes,yes,0,yes,yes,no,yes,no,no,no
Ministry of Education,goods,rfq,618688,1,35,no,no,yes,5,yes,no,yes,yes,no,yes,yes
Ministry of Health,services,open_tender,2283827,1,30,no,yes,yes,0,yes,yes,no,yes,yes,no,no
Ministry of Energy,goods,open_tender,1091137,7,23,yes,yes,no,12,no,no,yes,no,yes,yes,yes
Ministry of Health,services,open_tender,2059548,5,49,no,yes,yes,4,yes,yes,yes,no,no,yes,yes
Ministry of Transport,services,rfq,725070,7,19,yes,no,yes,1,yes,yes,yes,no,yes,no,no
Ministry of Transport,services,restricted_tender,578739,7,42,yes,no,yes,0,yes,yes,yes,yes,yes,no,no
Ministry of Agriculture,services,rfq,2003046,6,5,yes,yes,yes,6,no,yes,yes,no,yes,yes,yes
Ministry of Interior,goods,rfq,311041,2,20,yes,yes,yes,4,yes,no,yes,yes,no,no,yes
Ministry of Interior,goods,open_tender,1347816,5,18,no,no,no,0,yes,no,yes,no,no,no,yes
Ministry of Education,goods,single_source,296130,1,57,yes,no,no,0,no,no,no,yes,yes,no,yes
Ministry of Finance,complex_works,rfq,1383094,7,34,yes,yes,yes,0,yes,yes,yes,no,no,yes,yes
Ministry of Energy,services,restricted_tender,2364053,6,34,yes,yes,yes,3,yes,no,yes,no,yes,no,yes
Ministry of Fisheries,services,open_tender,2986632,3,34,no,yes,yes,5,no,no,no,yes,no,yes,no
Ministry of Health,services,rfq,1668327,7,33,yes,yes,yes,2,yes,no,no,no,no,yes,yes
Ministry of Interior,services,restricted_tender,2534434,3,33,no,yes,yes,3,yes,yes,no,yes,no,no,yes
Ministry of Education,services,restricted_tender,2590115,3,21,yes,no,no,0,yes,yes,no,no,no,no,no
Ministry of Transport,goods,open_tender,267544,6,30,yes,yes,yes,0,yes,yes,yes,yes,yes,yes,no
Ministry of Works,services,rfq,267659,2,35,no,yes,yes,4,no,yes,yes,yes,yes,no,yes
Ministry of Interior,services,rfq,897163,5,37,no,no,no,10,yes,yes,yes,no,no,yes,no
Ministry of Agriculture,goods,rfq,673536,1,35,yes,yes,yes,0,yes,no,yes,no,no,yes,no
Ministry of Energy,complex_works,rfq,8471342,6,36,yes,yes,yes,6,yes,no,yes,no,yes,yes,yes
Ministry of Interior,complex_works,open_tender,2058162,3,46,no,yes,yes,8,yes,no,yes,yes,yes,yes,no
Ministry of Fisheries,complex_works,rfq,5936442,1,48,no,yes,yes,0,no,no,no,no,no,no,no
Ministry of Finance,goods,rfq,1008999,7,38,no,no,yes,6,no,yes,yes,yes,no,no,yes
Ministry of Fisheries,services,open_tender,290375,6,8,yes,yes,yes,0,yes,no,no,yes,no,yes,yes
Ministry of Works,services,open_tender,109012,4,28,no,yes,yes,0,no,yes,no,no,yes,yes,yes
Ministry of Fisheries,complex_works,rfq,3577046,2,58,no,yes,yes,4,no,yes,no,yes,yes,yes,yes
Ministry of Transport,services,open_tender,219558,3,58,no,yes,yes,3,yes,yes,no,yes,no,no,yes
Ministry of Agriculture,goods,open_tender,1157226,5,54,yes,yes,yes,12,yes,no,yes,yes,yes,no,yes
Ministry of Works,complex_works,rfq,2658027,6,54,no,yes,yes,10,yes,no,yes,no,yes,no,no
Ministry of Fisheries,goods,open_tender,1194274,7,55,yes,yes,no,10,yes,yes,yes,yes,no,no,yes
Ministry of Agriculture,complex_works,open_tender,1361949,7,22,yes,no,yes,3,yes,no,yes,yes,no,no,no
Ministry of Justice,services,rfq,1784128,4,47,yes,yes,yes,4,yes,no,no,no,yes,yes,yes
Ministry of Fisheries,goods,single_source,490769,3,21,yes,yes,yes,12,yes,yes,yes,no,no,yes,no
Ministry of Energy,complex_works,restricted_tender,1575607,7,9,no,yes,yes,5,yes,yes,yes,yes,no,yes,no
Ministry of Education,services,open_tender,2480421,7,49,yes,yes,no,3,yes,yes,yes,no,no,yes,no
Ministry of Finance,goods,open_tender,1174251,3,9,yes,yes,yes,1,no,yes,no,yes,yes,no,yes
Ministry of Interior,goods,rfq,249395,5,48,yes,yes,yes,12,no,yes,no,yes,yes,no,yes
Ministry of Finance,goods,open_tender,1419693,6,43,yes,yes,no,8,yes,no,no,yes,yes,yes,no
Ministry of Finance,goods,rfq,1461286,6,29,yes,yes,no,0,yes,no,yes,no,yes,no,no
Ministry of Education,services,single_source,1952675,2,36,yes,yes,no,8,yes,yes,no,no,no,no,no
Ministry of Transport,complex_works,rfq,3878237,5,45,yes,no,yes,3,no,yes,no,no,no,no,yes
Ministry of Finance,goods,rfq,1122982,2,57,yes,yes,yes,0,no,yes,yes,no,no,yes,no
Ministry of Interior,goods,open_tender,783771,7,29,yes,no,yes,10,yes,no,yes,yes,no,yes,yes
Ministry of Works,services,rfq,2892239,5,40,no,no,yes,6,yes,yes,yes,yes,no,no,no
Ministry of Finance,complex_works,single_source,2707806,2,46,yes,yes,yes,0,no,no,yes,no,yes,yes,no
Ministry of Agriculture,goods,rfq,880171,4,17,no,no,yes,6,yes,no,yes,yes,yes,no,no
Ministry of Health,services,restricted_tender,898377,6,39,no,no,yes,0,yes,yes,yes,no,no,yes,no
Ministry of Energy,goods,rfq,248462,3,6,no,yes,yes,0,no,yes,no,no,yes,no,yes
Ministry of Transport,services,restricted_tender,858339,5,23,no,yes,no,1,yes,yes,yes,no,no,no,no
Ministry of Health,complex_works,rfq,1248290,5,21,yes,yes,yes,0,yes,no,yes,no,no,no,yes
Ministry of Transport,complex_works,rfq,8957870,7,6,yes,yes,yes,3,yes,no,yes,no,no,yes,yes
Ministry of Agriculture,goods,rfq,55704,2,49,yes,no,yes,10,no,no,no,yes,yes,no,no
Ministry of Justice,goods,open_tender,92510,3,7,yes,yes,yes,4,no,yes,no,no,no,yes,no
Ministry of Fisheries,goods,rfq,843480,4,14,yes,yes,yes,5,no,yes,yes,no,no,no,yes
Ministry of Education,goods,open_tender,323591,4,22,yes,yes,yes,8,yes,no,no,yes,no,no,no
Ministry of Justice,services,rfq,981965,1,6,no,yes,yes,0,yes,yes,no,yes,yes,yes,yes
Ministry of Energy,goods,rfq,1926919,1,12,yes,yes,yes,1,yes,no,yes,no,no,yes,no
Ministry of Justice,goods,open_tender,694158,7,15,yes,yes,yes,8,no,yes,no,yes,no,no,no
Ministry of Interior,services,rfq,1915232,2,55,yes,yes,yes,2,yes,no,no,yes,yes,no,yes
Ministry of Agriculture,complex_works,open_tender,2061999,6,8,yes,no,no,4,yes,yes,yes,no,no,yes,yes
Ministry of Energy,goods,open_tender,757217,1,46,yes,yes,yes,5,yes,yes,yes,yes,no,yes,yes
Ministry of Interior,goods,open_tender,1384976,2,17,no,yes,yes,2,no,yes,yes,no,no,yes,no
Ministry of Health,goods,open_tender,1072801,2,17,no,no,yes,0,no,yes,no,no,yes,yes,yes
Ministry of Finance,goods,restricted_tender,1791379,5,52,no,no,yes,8,yes,yes,no,yes,no,no,no
Ministry of Transport,goods,rfq,484465,2,14,yes,yes,yes,5,yes,no,yes,yes,yes,yes,no
Ministry of Education,services,rfq,2670289,1,14,yes,yes,yes,5,yes,yes,no,no,no,yes,no
Ministry of Fisheries,goods,open_tender,333076,5,10,yes,yes,yes,6,yes,yes,yes,no,yes,no,yes
Ministry of Fisheries,goods,rfq,1725481,1,14,yes,no,yes,4,yes,no,yes,no,no,yes,yes
Ministry of Fisheries,goods,open_tender,403784,7,25,no,yes,no,5,yes,yes,yes,no,yes,no,no
Ministry of Interior,complex_works,single_source,5608903,5,39,no,yes,yes,1,yes,yes,yes,no,yes,no,yes
Ministry of Fisheries,services,rfq,1832604,4,40,yes,yes,no,0,no,no,yes,yes,yes,yes,yes
Ministry of Education,complex_works,rfq,7048689,5,11,no,yes,no,0,yes,no,yes,no,yes,yes,yes
Ministry of Finance,services,open_tender,2021306,7,48,yes,no,yes,0,yes,yes,yes,no,no,no,yes
Ministry of Education,complex_works,restricted_tender,5393135,1,43,no,no,yes,4,yes,no,yes,yes,yes,yes,yes
Ministry of Finance,goods,restricted_tender,139364,2,10,no,yes,no,1,no,yes,yes,no,yes,yes,no
Ministry of Finance,services,restricted_tender,1580341,7,41,yes,yes,yes,4,yes,yes,no,no,yes,yes,yes
Ministry of Interior,goods,restricted_tender,1617909,2,20,yes,no,yes,4,no,yes,yes,no,no,yes,yes
Ministry of Finance,services,rfq,721645,1,24,no,yes,yes,1,yes,yes,no,no,yes,yes,no
Ministry of Works,goods,restricted_tender,1315161,6,5,yes,yes,yes,0,yes,yes,no,yes,yes,no,no
Ministry of Finance,goods,open_tender,111915,1,24,no,yes,yes,0,yes,no,yes,no,no,no,no
Ministry of Interior,complex_works,open_tender,8729333,6,25,no,no,yes,4,no,yes,yes,no,yes,yes,yes
Ministry of Works,services,rfq,2462619,4,20,yes,yes,no,0,no,yes,yes,no,no,no,yes
Ministry of Energy,goods,rfq,1525562,6,49,yes,yes,yes,4,yes,yes,no,no,no,no,no
Ministry of Finance,complex_works,restricted_tender,6237915,1,55,yes,no,no,8,yes,no,yes,no,no,yes,no
Ministry of Justice,goods,open_tender,1231296,6,18,yes,yes,no,1,yes,yes,no,no,no,yes,yes
Ministry of Finance,services,open_tender,2603240,6,20,yes,no,yes,2,yes,yes,yes,no,no,yes,yes
Ministry of Transport,goods,rfq,900357,5,50,yes,yes,yes,5,yes,no,yes,yes,yes,yes,yes
Ministry of Interior,complex_works,rfq,1368406,5,17,yes,yes,yes,12,no,no,yes,yes,yes,yes,yes
Ministry of Finance,goods,rfq,1121025,1,55,yes,yes,yes,3,yes,no,no,yes,yes,no,no
Ministry of Energy,goods,restricted_tender,1703744,2,7,no,no,no,3,yes,no,no,no,yes,yes,yes
Ministry of Energy,goods,open_tender,648998,3,5,no,yes,no,10,no,yes,no,yes,yes,no,no
Ministry of Finance,complex_works,single_source,5601199,7,16,no,yes,yes,1,yes,yes,no,yes,yes,yes,no
Ministry of Agriculture,complex_works,open_tender,6064195,5,22,yes,yes,yes,12,yes,yes,yes,yes,yes,yes,yes
Ministry of Health,services,open_tender,697040,7,52,yes,yes,yes,0,no,no,yes,yes,no,no,yes
Ministry of Education,goods,open_tender,579222,3,14,yes,yes,yes,1,yes,yes,yes,no,no,no,no
Ministry of Energy,goods,open_tender,1867820,2,16,yes,yes,yes,4,no,yes,yes,yes,no,yes,yes
Ministry of Education,services,open_tender,1688779,7,59,no,yes,yes,3,yes,yes,yes,yes,no,no,no
Ministry of Health,goods,rfq,226010,2,51,yes,yes,yes,6,no,yes,yes,no,no,yes,no
Ministry of Agriculture,goods,restricted_tender,1040975,3,45,no,no,yes,10,yes,yes,yes,yes,yes,no,yes
Ministry of Transport,goods,open_tender,60910,2,27,no,yes,no,5,yes,no,no,yes,no,yes,yes
Ministry of Health,goods,open_tender,1972244,5,36,no,yes,yes,8,no,yes,yes,no,yes,no,no
Ministry of Justice,services,open_tender,669385,3,37,no,no,yes,3,yes,no,no,no,yes,no,yes
Ministry of Works,services,rfq,805906,6,51,yes,yes,yes,0,no,yes,yes,no,yes,yes,yes
Ministry of Health,goods,rfq,1505362,6,55,yes,yes,yes,0,yes,yes,yes,no,no,yes,no
Ministry of Interior,services,rfq,1196141,7,35,no,yes,no,10,no,no,yes,yes,no,no,no
Ministry of Fisheries,goods,open_tender,488701,5,23,yes,yes,yes,5,yes,yes,yes,yes,no,no,yes
Ministry of Health,services,open_tender,374244,2,38,yes,yes,yes,5,yes,yes,yes,yes,yes,no,yes
Ministry of Interior,goods,open_tender,1196615,1,11,yes,no,yes,8,yes,no,no,no,no,yes,no
Ministry of Finance,complex_works,open_tender,2430888,1,58,yes,yes,no,5,yes,no,yes,yes,yes,no,yes
Ministry of Health,complex_works,rfq,7075090,2,48,yes,yes,yes,0,yes,no,yes,yes,no,no,no
Ministry of Interior,services,open_tender,2253947,5,52,no,yes,yes,6,yes,yes,no,yes,yes,yes,yes
Ministry of Interior,services,rfq,1269424,5,58,yes,yes,yes,0,yes,yes,yes,yes,no,yes,yes
Ministry of Transport,services,rfq,775221,1,18,yes,yes,yes,2,yes,yes,no,no,yes,no,no
Ministry of Justice,services,open_tender,2702493,3,57,no,yes,no,0,yes,yes,no,yes,no,no,no
Ministry of Education,services,open_tender,914356,1,22,yes,yes,yes,8,yes,yes,no,yes,no,no,no
Ministry of Justice,services,rfq,723031,7,56,yes,no,yes,3,no,no,yes,no,no,yes,yes
Ministry of Fisheries,services,rfq,1745181,3,16,yes,yes,yes,4,yes,no,no,no,no,no,yes
Ministry of Education,complex_works,rfq,2582904,2,47,yes,no,no,4,yes,yes,no,no,no,yes,no
Ministry of Energy,services,restricted_tender,1523034,3,7,yes,yes,yes,2,yes,yes,yes,yes,no,no,yes
Ministry of Interior,complex_works,restricted_tender,6572262,7,16,no,yes,no,0,yes,no,yes,no,yes,no,yes
Ministry of Interior,complex_works,rfq,9287143,6,14,yes,yes,yes,8,yes,no,no,yes,no,yes,no
Ministry of Fisheries,services,open_tender,2148149,4,11,yes,yes,yes,4,no,yes,yes,no,yes,yes,no
Ministry of Finance,services,rfq,1696925,5,11,no,no,yes,1,yes,yes,yes,yes,no,no,no
Ministry of Transport,goods,rfq,1667781,2,20,yes,yes,no,8,no,no,no,no,no,no,no
Ministry of Energy,services,restricted_tender,2463731,4,30,yes,yes,no,12,yes,no,no,yes,no,yes,no
Ministry of Fisheries,goods,open_tender,1973156,7,5,yes,no,yes,12,yes,yes,yes,yes,yes,no,no
Ministry of Interior,services,open_tender,2988481,5,40,yes,yes,no,0,yes,no,yes,no,yes,yes,yes
Ministry of Justice,services,open_tender,1891599,2,58,yes,yes,no,6,yes,no,no,yes,yes,no,yes
Ministry of Finance,services,rfq,2169946,1,42,no,yes,yes,0,no,no,no,no,yes,yes,yes
Ministry of Energy,goods,open_tender,1964771,3,48,no,yes,no,0,yes,yes,yes,no,no,yes,yes
Ministry of Justice,goods,open_tender,1655869,7,16,yes,yes,yes,0,yes,yes,no,no,no,yes,yes
Ministry of Fisheries,goods,rfq,929828,4,32,yes,yes,yes,3,yes,yes,yes,no,yes,yes,yes
Ministry of Finance,goods,rfq,263699,5,40,yes,no,yes,3,no,yes,yes,no,no,yes,yes
Ministry of Energy,complex_works,rfq,4279115,2,9,yes,yes,no,12,no,yes,yes,no,yes,yes,no
Ministry of Agriculture,services,rfq,945218,4,10,yes,yes,yes,8,yes,yes,no,no,yes,yes,no
Ministry of Transport,goods,open_tender,1688116,1,50,yes,yes,yes,1,yes,no,yes,no,no,no,no
Ministry of Energy,goods,rfq,1379556,3,35,yes,yes,no,2,no,no,no,no,yes,yes,yes
Ministry of Finance,goods,open_tender,688794,5,56,yes,yes,yes,2,yes,yes,yes,no,yes,no,no
Ministry of Transport,complex_works,open_tender,6950767,1,15,yes,yes,yes,8,yes,yes,yes,yes,yes,yes,yes
Ministry of Transport,services,open_tender,2776154,3,8,no,no,yes,12,yes,yes,yes,yes,yes,yes,no
Ministry of Fisheries,complex_works,rfq,9575197,2,16,yes,yes,yes,2,no,no,no,yes,yes,yes,yes
Ministry of Health,goods,rfq,1924321,6,18,yes,yes,no,2,no,yes,yes,yes,no,no,no
Ministry of Education,services,restricted_tender,1274995,5,5,yes,no,yes,1,yes,yes,no,no,no,no,no
Ministry of Interior,services,restricted_tender,243977,2,16,yes,yes,no,1,yes,no,yes,no,yes,yes,no
Ministry of Finance,services,rfq,898184,5,53,yes,yes,yes,4,yes,yes,yes,no,yes,yes,no
Ministry of Transport,services,rfq,637889,6,14,no,yes,yes,5,yes,yes,no,yes,yes,no,no
Ministry of Works,services,restricted_tender,2714443,1,39,yes,yes,yes,4,yes,yes,no,yes,yes,no,yes
Ministry of Health,goods,rfq,423199,7,6,no,yes,yes,0,no,yes,yes,no,yes,yes,no
Ministry of Interior,goods,rfq,1332738,6,11,no,no,yes,1,yes,yes,no,yes,no,no,yes
Ministry of Transport,services,open_tender,2687576,1,15,yes,yes,yes,0,yes,yes,yes,yes,no,no,yes
Ministry of Energy,goods,rfq,1428287,1,41,yes,yes,yes,0,yes,yes,yes,no,no,yes,yes
Ministry of Transport,goods,rfq,1703878,6,50,yes,yes,yes,10,yes,no,no,no,no,no,no
Ministry of Justice,goods,restricted_tender,1921440,3,19,yes,yes,no,6,yes,yes,no,yes,no,yes,no
Ministry of Education,services,open_tender,512655,2,50,yes,yes,no,3,no,no,no,no,no,no,no
Ministry of Education,complex_works,rfq,3821728,3,6,no,yes,yes,0,no,yes,yes,no,no,yes,no
Ministry of Justice,goods,restricted_tender,693606,7,9,no,no,yes,0,yes,yes,no,no,no,yes,yes
Ministry of Education,goods,rfq,1122231,4,32,yes,yes,yes,3,no,no,no,no,yes,yes,yes
Ministry of Agriculture,services,restricted_tender,288996,2,6,yes,yes,yes,6,yes,no,no,no,no,no,no
Ministry of Energy,services,open_tender,1471105,5,49,yes,yes,yes,0,no,no,yes,no,no,no,yes
Ministry of Energy,services,rfq,2504830,6,49,yes,yes,yes,0,no,yes,yes,yes,yes,yes,yes
Ministry of Energy,services,restricted_tender,2605426,4,14,yes,yes,no,1,yes,yes,yes,no,yes,yes,no
Ministry of Justice,services,open_tender,469531,3,34,yes,yes,yes,0,yes,yes,yes,yes,yes,no,no
Ministry of Health,services,open_tender,1940285,6,24,no,yes,no,2,no,yes,no,yes,no,no,no
Ministry of Interior,complex_works,rfq,7557507,6,14,yes,yes,yes,0,yes,yes,yes,yes,no,no,no
Ministry of Education,goods,open_tender,1715539,7,5,no,yes,no,10,yes,no,yes,yes,yes,yes,no
Ministry of Transport,complex_works,restricted_tender,3283630,3,42,yes,yes,yes,6,no,yes,yes,no,yes,yes,yes
Ministry of Transport,goods,open_tender,770614,5,12,yes,yes,yes,4,yes,no,no,yes,yes,no,yes
Ministry of Health,complex_works,rfq,2615263,7,12,no,no,yes,1,yes,no,no,yes,yes,no,yes
Ministry of Agriculture,services,restricted_tender,816300,6,47,no,yes,yes,5,no,no,no,no,yes,yes,yes
Ministry of Interior,services,open_tender,2818794,1,45,yes,yes,yes,10,yes,yes,yes,yes,no,yes,no
Ministry of Transport,complex_works,restricted_tender,6124826,7,37,no,yes,yes,8,yes,yes,yes,yes,no,no,no
Ministry of Energy,services,rfq,2135334,7,10,no,yes,yes,10,yes,no,yes,no,yes,yes,yes
Ministry of Education,goods,rfq,452628,2,28,yes,yes,yes,0,no,no,yes,no,yes,no,no
Ministry of Works,goods,rfq,912865,5,45,yes,yes,yes,0,yes,yes,no,yes,no,yes,yes
Ministry of Education,goods,open_tender,276073,5,28,yes,yes,yes,5,yes,yes,yes,yes,no,no,no
Ministry of Finance,goods,open_tender,206118,6,15,no,yes,no,0,yes,no,no,no,yes,no,no
Ministry of Agriculture,goods,open_tender,551817,7,53,yes,no,yes,6,no,yes,no,no,yes,no,no
Ministry of Fisheries,complex_works,open_tender,4947265,4,51,no,yes,yes,12,no,no,no,yes,no,no,no
Ministry of Fisheries,services,rfq,2423597,1,59,yes,yes,yes,4,yes,yes,yes,yes,yes,yes,no
Ministry of Agriculture,goods,rfq,896302,7,11,no,yes,yes,6,yes,yes,yes,yes,no,yes,yes
Ministry of Energy,goods,rfq,1394657,7,7,no,yes,yes,1,yes,yes,no,no,yes,no,no
Ministry of Works,goods,rfq,1408826,3,40,yes,yes,no,0,yes,no,yes,no,yes,no,no
Ministry of Interior,goods,rfq,447534,2,24,no,no,no,12,yes,yes,yes,yes,no,no,yes
Ministry of Energy,complex_works,single_source,9508627,3,46,no,yes,no,10,yes,no,no,no,yes,yes,no
Ministry of Health,goods,rfq,267267,6,57,yes,yes,yes,10,no,yes,no,no,no,no,no
Ministry of Fisheries,complex_works,rfq,5337432,6,18,yes,yes,yes,0,no,yes,no,yes,yes,yes,no
Ministry of Energy,goods,restricted_tender,1055716,7,33,no,yes,yes,6,no,no,no,no,yes,no,no
Ministry of Education,complex_works,open_tender,2913587,4,50,no,yes,no,2,no,no,no,yes,no,yes,yes
Ministry of Finance,goods,open_tender,1019884,3,51,yes,yes,yes,6,yes,yes,yes,yes,no,yes,yes
Ministry of Education,goods,rfq,779221,6,16,no,yes,yes,10,yes,no,yes,no,yes,yes,yes
Ministry of Energy,services,rfq,566981,4,46,no,no,yes,4,yes,no,yes,yes,no,no,yes
Ministry of Agriculture,services,restricted_tender,1033995,2,50,yes,yes,yes,4,no,no,yes,no,yes,no,yes
Ministry of Education,services,rfq,2882511,5,19,yes,yes,yes,10,yes,no,no,no,no,no,no
Ministry of Health,goods,rfq,1250971,5,25,yes,no,yes,8,no,yes,yes,no,no,no,no
Ministry of Health,services,rfq,1908557,7,37,yes,no,yes,4,yes,yes,yes,no,yes,yes,yes
Ministry of Works,goods,rfq,989057,6,23,yes,yes,yes,5,yes,yes,no,no,yes,yes,no
Ministry of Justice,complex_works,rfq,6129799,3,32,no,no,yes,5,yes,no,no,yes,yes,no,no
Ministry of Works,goods,single_source,1282031,1,58,yes,no,yes,0,yes,no,no,no,yes,no,no
Ministry of Fisheries,complex_works,open_tender,5198129,7,41,yes,yes,yes,0,yes,yes,no,no,no,yes,no
Ministry of Justice,goods,open_tender,1028550,2,12,no,no,yes,2,no,yes,yes,no,yes,yes,no
Ministry of Transport,goods,single_source,1022382,1,58,yes,no,yes,8,no,yes,yes,yes,yes,no,no
Ministry of Justice,goods,rfq,846784,2,29,no,yes,no,8,no,yes,no,no,yes,yes,yes
Ministry of Agriculture,complex_works,open_tender,3309830,1,24,yes,yes,no,1,no,yes,yes,yes,yes,yes,no
Ministry of Education,goods,open_tender,689240,7,6,yes,yes,yes,6,no,yes,no,yes,yes,no,no
Ministry of Transport,goods,open_tender,685361,6,58,yes,yes,yes,12,no,no,yes,no,yes,no,no
Ministry of Interior,services,open_tender,2341915,2,45,yes,yes,yes,0,yes,yes,yes,yes,yes,no,no
